{"福建省": "福建省","广东省": "广东省","北京市海淀区": "北京市","北京市": "北京市","中国": "中国","内蒙古呼和浩特市": "呼和浩特市","内蒙古": "内蒙古自治区","内蒙古巴彦淖尔市": "巴彦淖尔市","内蒙古鄂尔多斯市": "鄂尔多斯市","内蒙古鄂尔多斯市达拉特旗": "鄂尔多斯市","内蒙古乌兰察布市集宁区": "乌兰察布市","内蒙古锡林郭勒盟": "锡林郭勒盟","内蒙古赤峰市": "赤峰市","内蒙古呼伦贝尔市": "呼伦贝尔市","内蒙古通辽市": "通辽市","台湾省": "台湾省","贵州省贵阳市": "贵阳市","贵州省贵阳市云岩区": "贵阳市","贵州省遵义市": "遵义市","贵州省六盘水市": "六盘水市","贵州省铜仁地区": "铜仁地区","贵州省黔西南州兴义市": "黔西南布依族苗族自治州","贵州省黔南州都匀市": "黔南布依族苗族自治州","贵州省安顺市": "安顺市","宁夏": "宁夏回族自治区","山东省济南市": "济南市","安徽省合肥市": "合肥市","山东省潍坊市": "潍坊市","山东省德州市": "德州市","黑龙江省鹤岗市": "鹤岗市","黑龙江省哈尔滨市": "哈尔滨市","黑龙江省哈尔滨市依兰县": "哈尔滨市","黑龙江省牡丹江市": "牡丹江市","黑龙江省": "黑龙江省","黑龙江省绥化市": "绥化市","黑龙江省绥化市望奎县": "绥化市","黑龙江省绥化市北林区": "绥化市","黑龙江省齐齐哈尔市": "齐齐哈尔市","黑龙江省齐齐哈尔市讷河市": "齐齐哈尔市","黑龙江省双鸭山市": "双鸭山市","黑龙江省鸡西市虎林市": "鸡西市","黑龙江省鸡西市密山市": "鸡西市","黑龙江省鸡西市": "鸡西市","黑龙江省哈尔滨市香坊区": "哈尔滨市","黑龙江省哈尔滨市道里区": "哈尔滨市","黑龙江省哈尔滨市双城市": "哈尔滨市","黑龙江省大庆市": "大庆市","黑龙江省大庆市萨尔图区": "大庆市","黑龙江省大庆市肇源县": "大庆市","黑龙江省佳木斯市": "佳木斯市","黑龙江省黑河市": "黑河市","黑龙江省七台河市": "七台河市","黑龙江省伊春市": "伊春市","黑龙江省绥化市青冈县": "绥化市","黑龙江省大兴安岭地区": "大兴安岭地区","山西省": "山西省","陕西省西安市": "西安市","陕西省渭南市": "渭南市","陕西省汉中市": "汉中市","陕西省商洛市": "商洛市","陕西省安康市": "安康市","陕西省榆林市": "榆林市","陕西省宝鸡市": "宝鸡市","陕西省西安市雁塔区": "西安市","陕西省西安市莲湖区": "西安市","内蒙古乌海市": "乌海市","内蒙古包头市": "包头市","内蒙古呼和浩特市回民区": "呼和浩特市","广东省广州市": "广州市","广西南宁市": "南宁市","黑龙江省双鸭山市宝山区": "双鸭山市","河南省郑州市": "郑州市","河南省郑州市荥阳市": "郑州市","河南省洛阳市": "洛阳市","河南省洛阳市西工区": "洛阳市","河南省平顶山市": "平顶山市","河南省安阳市": "安阳市","河南省新乡市": "新乡市","河南省焦作市": "焦作市","河南省焦作市山阳区": "焦作市","河南省三门峡市": "三门峡市","河南省濮阳市": "濮阳市","河南省三门峡市灵宝市": "三门峡市","河南省商丘市": "商丘市","河南省商丘市永城市": "商丘市","河南省许昌市": "许昌市","河南省漯河市": "漯河市","河南省驻马店市": "驻马店市","河南省南阳市": "南阳市","河南省南阳市淅川县": "南阳市","河南省济源市": "河南省","河南省周口市": "周口市","河南省": "河南省","河南省三门峡市卢氏县": "三门峡市","北京市朝阳区": "北京市","北京市东城区": "北京市","贵州省贵阳市小河区": "贵阳市","贵州省贵阳市修文县": "贵阳市","贵州省遵义市习水县": "遵义市","贵州省": "贵州省","贵州省黔西南州": "黔西南布依族苗族自治州","贵州省黔东南州": "黔东南苗族侗族自治州","贵州省黔东南州凯里市": "黔东南苗族侗族自治州","伊拉克": "和田地区","广东省深圳市": "深圳市","广东省广州市白云区": "广州市","广东省东莞市": "东莞市","广东省佛山市": "佛山市","广东省佛山市高明区": "佛山市","上海市静安区": "上海市","重庆市": "重庆市","重庆市巫山县": "重庆市","重庆市江北区": "重庆市","重庆市渝北区": "重庆市","重庆市潼南县": "重庆市","重庆市永川区": "重庆市","重庆市南岸区": "重庆市","重庆市北碚区": "重庆市","重庆市合川区": "重庆市","广东省惠州市惠东县": "惠州市","广东省阳江市": "阳江市","广东省阳江市江城区": "阳江市","广东省茂名市": "茂名市","广东省湛江市": "湛江市","广东省茂名市化州市": "茂名市","广东省中山市": "中山市","广东省珠海市": "珠海市","广东省江门市": "江门市","广东省江门市新会区": "江门市","广东省惠州市": "惠州市","宁夏吴忠市同心县": "吴忠市","宁夏吴忠市盐池县": "吴忠市","宁夏固原市": "固原市","宁夏固原市原州区": "固原市","宁夏中卫市沙坡头区": "中卫市","宁夏中卫市": "中卫市","广东省佛山市三水区": "佛山市","广东省佛山市禅城区": "佛山市","广东省广州市越秀区": "广州市","广东省广州市番禺区": "广州市","广东省汕头市": "汕头市","广东省清远市": "清远市","广东省深圳市宝安区": "深圳市","广东省佛山市南海区": "佛山市","广东省梅州市": "梅州市","广东省韶关市": "韶关市","广东省河源市": "河源市","广东省汕尾市": "汕尾市","四川省成都市": "成都市","辽宁省大连市": "大连市","云南省昆明市": "昆明市","云南省西双版纳州勐腊县": "西双版纳傣族自治州","云南省西双版纳州": "西双版纳傣族自治州","云南省玉溪市": "玉溪市","云南省曲靖市": "曲靖市","云南省": "云南省","广东省茂名市茂南区": "茂名市","广东省肇庆市": "肇庆市","广东省肇庆市怀集县": "肇庆市","广东省肇庆市四会市": "肇庆市","广东省云浮市": "云浮市","广东省云浮市罗定市": "云浮市","广东省云浮市郁南县": "云浮市","广东省佛山市顺德区": "佛山市","重庆市涪陵区": "重庆市","重庆市城口县": "重庆市","湖北省武汉市": "武汉市","湖北省武汉市武昌区": "武汉市","湖北省荆州市": "荆州市","湖北省宜昌市": "宜昌市","湖北省宜昌市西陵区": "宜昌市","湖北省襄阳市": "襄阳市","湖北省孝感市": "孝感市","湖北省": "湖北省","湖北省黄石市": "黄石市","湖北省黄石市阳新县": "黄石市","湖北省荆门市": "荆门市","湖北省鄂州市": "鄂州市","广东省揭阳市": "揭阳市","广东省揭阳市普宁市": "揭阳市","广东省珠海市香洲区": "珠海市","广东省珠海市拱北区": "珠海市","广东省潮州市": "潮州市","广东省广州市增城市": "广州市","安徽省滁州市": "滁州市","西藏拉萨市": "拉萨市","西藏": "西藏自治区","西藏日喀则地区": "日喀则地区","西藏山南地区": "山南地区","天津市": "天津市","上海市": "上海市","上海市徐汇区": "上海市","上海市浦东新区": "上海市","上海市宝山区": "上海市","河北省": "河北省","河北省唐山市": "唐山市","河北省沧州市": "沧州市","河北省石家庄市": "石家庄市","河北省邯郸市": "邯郸市","河北省石家庄市辛集市": "石家庄市","河北省衡水市": "衡水市","河北省衡水市武强县": "衡水市","河北省保定市": "保定市","福建省福州市": "福州市","福建省福州市长乐市": "福州市","福建省福州市福清市": "福州市","福建省泉州市": "泉州市","福建省莆田市": "莆田市","福建省厦门市": "厦门市","福建省宁德市": "宁德市","福建省宁德市霞浦县": "宁德市","福建省漳州市": "漳州市","福建省南平市": "南平市","福建省三明市": "三明市","福建省龙岩市": "龙岩市","福建省莆田市城厢区": "莆田市","河北省廊坊市": "廊坊市","河北省唐山市路南区": "唐山市","山东省青岛市": "青岛市","山东省烟台市": "烟台市","山东省淄博市": "淄博市","山东省聊城市": "聊城市","山东省莱芜市": "莱芜市","山东省临沂市": "临沂市","山东省济宁市": "济宁市","山东省": "山东省","山东省滨州市": "滨州市","山东省威海市": "威海市","山东省菏泽市": "菏泽市","甘肃省兰州市": "兰州市","甘肃省陇南市礼县": "陇南市","甘肃省白银市": "白银市","甘肃省平凉市": "平凉市","甘肃省武威市": "武威市","甘肃省金昌市": "金昌市","甘肃省酒泉市": "酒泉市","甘肃省陇南市": "陇南市","甘肃省": "甘肃省","甘肃省定西市": "定西市","甘肃省临夏州": "临夏回族自治州","甘肃省天水市": "天水市","甘肃省庆阳市": "庆阳市","甘肃省张掖市": "张掖市","甘肃省嘉峪关市": "嘉峪关市","甘肃省张掖市山丹县": "张掖市","黑山": "锦州市","安徽省淮南市": "淮南市","安徽省": "安徽省","浙江省宁波市": "宁波市","浙江省": "浙江省","浙江省金华市": "金华市","浙江省嘉兴市": "嘉兴市","陕西省西安市阎良区": "西安市","陕西省": "陕西省","陕西省延安市": "延安市","陕西省咸阳市礼泉县": "咸阳市","吉林省": "吉林省","巴林": "呼伦贝尔市","河北省廊坊市广阳区": "廊坊市","辽宁省": "辽宁省","湖南省长沙市": "长沙市","湖南省怀化市": "怀化市","湖南省株洲市": "株洲市","湖南省衡阳市": "衡阳市","湖南省衡阳市雁峰区": "衡阳市","湖南省邵阳市": "邵阳市","湖南省": "湖南省","湖南省娄底市涟源市": "娄底市","湖南省郴州市": "郴州市","湖南省衡阳市耒阳市": "衡阳市","湖南省郴州市汝城县": "郴州市","浙江省杭州市": "杭州市","河南省平顶山市汝州市": "平顶山市","河南省信阳市固始县": "信阳市","云南省红河州个旧市": "红河哈尼族彝族自治州","江苏省苏州市": "苏州市","江苏省南京市": "南京市","欧洲和中东地区": "崇左市","江苏省苏州市昆山市": "苏州市","江苏省苏州市沧浪区": "苏州市","江苏省南京市鼓楼区": "南京市","江苏省无锡市": "无锡市","江苏省": "江苏省","江苏省南通市": "南通市","江苏省南通市启东市": "南通市","江苏省徐州市": "徐州市","江苏省徐州市泉山区": "徐州市","江苏省徐州市新沂市": "徐州市","江苏省徐州市睢宁县": "徐州市","江苏省盐城市": "盐城市","江苏省苏州市吴江市": "苏州市","江苏省泰州市": "泰州市","江苏省扬州市": "扬州市","江苏省淮安市": "淮安市","江苏省淮安市楚州区": "淮安市","江苏省连云港市": "连云港市","江苏省宿迁市": "宿迁市","新疆巴音郭楞州": "巴音郭楞蒙古自治州","新疆": "新疆维吾尔自治区","新疆塔城地区": "塔城地区","湖南省湘潭市": "湘潭市","吉林省长春市": "长春市","新疆石河子市": "新疆维吾尔自治区","新疆乌鲁木齐市": "乌鲁木齐市","青海省西宁市": "西宁市","贵州省贵阳市南明区": "贵阳市","贵州省黔南州": "黔南布依族苗族自治州","贵州省遵义市仁怀市": "遵义市","贵州省黔西南州兴仁县": "黔西南布依族苗族自治州","贵州省毕节地区毕节市": "毕节地区","贵州省毕节市": "毕节地区","贵州省铜仁地区铜仁市": "铜仁地区","贵州省铜仁市": "铜仁地区","贵州省铜仁地区思南县": "铜仁地区","贵州省六盘水市盘县": "六盘水市","贵州省六盘水市六枝特区": "六盘水市","贵州省六盘水市水城县": "六盘水市","江西省南昌市": "南昌市","江西财经大学": "南昌市","江西省九江市": "九江市","江西省上饶市": "上饶市","江西省萍乡市": "萍乡市","江西省新余市": "新余市","江西省宜春市": "宜春市","江西省": "江西省","江西省吉安市": "吉安市","江西省鹰潭市": "鹰潭市","江西省赣州市": "赣州市","江西省抚州市": "抚州市","江西省九江市九江县": "九江市","重庆市渝中区": "重庆市","重庆市九龙坡区": "重庆市","重庆市沙坪坝区": "重庆市","重庆市江津区": "重庆市","重庆市巴南区": "重庆市","重庆市南川区": "重庆市","重庆市垫江县": "重庆市","重庆市万州区": "重庆市","内蒙古兴安盟乌兰浩特市": "兴安盟","内蒙古阿拉善盟": "阿拉善盟","内蒙古乌兰察布市": "乌兰察布市","内蒙古乌兰察布市丰镇市": "乌兰察布市","内蒙古锡林郭勒盟锡林浩特市": "锡林郭勒盟","内蒙古赤峰市阿鲁科尔沁旗": "赤峰市","内蒙古赤峰市林西县": "赤峰市","内蒙古赤峰市巴林左旗": "赤峰市","内蒙古赤峰市红山区": "赤峰市","内蒙古赤峰市敖汉旗": "赤峰市","内蒙古赤峰市喀喇沁旗": "赤峰市","内蒙古赤峰市元宝山区": "赤峰市","内蒙古赤峰市宁城县": "赤峰市","内蒙古赤峰市巴林右旗": "赤峰市","内蒙古呼伦贝尔市牙克石市": "呼伦贝尔市","内蒙古呼伦贝尔市扎兰屯市": "呼伦贝尔市","内蒙古呼伦贝尔市海拉尔区": "呼伦贝尔市","内蒙古呼伦贝尔市满洲里市": "呼伦贝尔市","内蒙古通辽市科尔沁区": "通辽市","内蒙古通辽市奈曼旗": "通辽市","辽宁省大连市瓦房店市": "大连市","湖北省黄冈市": "黄冈市","湖北省十堰市": "十堰市","湖北省天门市": "湖北省","湖北省恩施州": "恩施土家族苗族自治州","湖北省潜江市": "湖北省","湖北省仙桃市": "湖北省","湖北省随州市": "随州市","湖北省咸宁市": "咸宁市","湖北省孝感市汉川市": "孝感市","湖北省咸宁市赤壁市": "咸宁市","湖南省长沙市岳麓区": "长沙市","湖南省长沙市芙蓉区": "长沙市","湖南省岳阳市": "岳阳市","湖南省株洲市醴陵市": "株洲市","湖南省湘潭市湘乡市": "湘潭市","湖南省湘潭市雨湖区": "湘潭市","湖南省益阳市": "益阳市","福建省宁德市福安市": "宁德市","福建省龙岩市长汀县": "龙岩市","福建省三明市明溪县": "三明市","福建省泉州市晋江市": "泉州市","福建省厦门市湖里区": "厦门市","福建省泉州市石狮市": "泉州市","福建省泉州市安溪县": "泉州市","上海市普陀区": "上海市","上海市长宁区": "上海市","上海市闵行区": "上海市","上海市闸北区": "上海市","上海市虹口区": "上海市","上海市黄浦区": "上海市","上海市杨浦区": "上海市","上海市崇明县": "上海市","上海市金山区": "上海市","上海市青浦区": "上海市","上海市南汇区": "上海市","上海市奉贤区": "上海市","上海市嘉定区": "上海市","北京市石景山区": "北京市","上海市卢湾区": "上海市","上海市松江区": "上海市","贵州省遵义市湄潭县": "遵义市","贵州省遵义市正安县": "遵义市","贵州省黔南州瓮安县": "黔南布依族苗族自治州","贵州省铜仁地区印江县逍遥游网络会所": "铜仁地区","贵州省铜仁地区印江县黔印网吧": "铜仁地区","贵州省铜仁地区印江县新网虫网吧": "铜仁地区","贵州省铜仁地区江口县": "铜仁地区","贵州省铜仁地区印江县心怡网吧": "铜仁地区","贵州省铜仁地区印江县运达网吧": "铜仁地区","贵州省铜仁地区石阡县": "铜仁地区","贵州省毕节地区": "毕节地区","贵州省六盘水市钟山区": "六盘水市","贵州省贵阳市开阳县": "贵阳市","贵州省贵阳市清镇市": "贵阳市","贵州省贵阳市乌当区": "贵阳市","贵州省贵阳市白云区": "贵阳市","贵州省贵阳市花溪区": "贵阳市","湖南省岳阳市平江县": "岳阳市","湖南省湘西州吉首市": "湘西土家族苗族自治州","湖南省湘西州": "湘西土家族苗族自治州","湖南省张家界市": "张家界市","湖南省湘西州永顺县": "湘西土家族苗族自治州","湖南省湘西州凤凰县": "湘西土家族苗族自治州","湖南省娄底市": "娄底市","湖南省娄底市冷水江市": "娄底市","湖南省常德市": "常德市","湖南省常德市桃源县": "常德市","湖南省常德市安乡县": "常德市","湖南省益阳市资阳区": "益阳市","湖南省益阳市赫山区": "益阳市","湖南省益阳市安化县": "益阳市","湖南省常德市澧县": "常德市","湖北省武汉市硚口区": "武汉市","湖北省武汉市江岸区": "武汉市","湖北省武汉市汉阳区": "武汉市","湖北省武汉市江夏区": "武汉市","湖北省武汉市黄陂区": "武汉市","湖北省武汉市桥口区": "武汉市","湖北省武汉市东西湖区": "武汉市","湖北省武汉市洪山区": "武汉市","湖北省荆州市沙市区": "荆州市","湖北省荆州市职业技术学院": "荆州市","湖北省荆州市荆州区": "荆州市","长江大学东校区": "荆州市","湖北省荆州市江陵县": "荆州市","湖北省荆州市洪湖市": "荆州市","湖北省襄阳市襄州区": "襄阳市","湖北省襄阳市宜城市": "襄阳市","湖北省襄阳市南漳县": "湖北省","湖北省襄阳市樊城区": "襄阳市","湖北省襄阳市枣阳市": "襄阳市","湖北省襄阳市襄城区": "襄阳市","湖北省黄冈市武穴市": "黄冈市","湖北省黄冈市麻城市": "黄冈市","湖北省黄冈市黄梅县": "黄冈市","湖北省黄冈市黄州区": "黄冈市","湖北省黄冈市罗田县": "黄冈市","湖北省黄石市大冶市": "黄石市","湖北省黄石市黄石港区": "黄石市","湖北省荆门市钟祥市": "荆门市","湖北省荆门市京山县": "荆门市","湖北省咸宁市通山县": "咸宁市","湖北省咸宁市嘉鱼县": "咸宁市","湖北省咸宁市咸安区": "咸宁市","湖北省恩施州利川市": "恩施土家族苗族自治州","湖北省恩施州咸丰县": "恩施土家族苗族自治州","湖北省恩施州建始县": "恩施土家族苗族自治州","湖北省恩施市": "恩施土家族苗族自治州","湖北省恩施州宣恩县": "恩施土家族苗族自治州","湖北省恩施州巴东县": "恩施土家族苗族自治州","湖北省恩施州来凤县": "恩施土家族苗族自治州","湖北省神农架林区": "湖北省","湖北省荆州市公安县": "荆州市","湖北省孝感市应城市": "孝感市","山东省济南市槐荫区": "济南市","山东省济南市历城区": "济南市","山东省济南市天桥区": "济南市","山东省济南市平阴县": "济南市","山东省济南市章丘市": "济南市","山东省青岛市四方区": "青岛市","山东省泰安市": "泰安市","山东省烟台市莱阳市": "烟台市","山东省烟台市开发区": "烟台市","山东省烟台市招远市": "烟台市","山东省临沂市兰山区": "临沂市","山东省临沂市沂水县": "临沂市","山东省临沂市沂南县": "临沂市","山东省临沂市费县": "临沂市","山东省潍坊市奎文区": "潍坊市","山东省潍坊市诸城市": "潍坊市","山东省淄博市临淄区": "淄博市","山东省东营市": "东营市","山东省枣庄市": "枣庄市","山东省日照市": "日照市","广西": "广西壮族自治区","广西南宁市兴宁区": "南宁市","广西南宁市江南区": "南宁市","广西南宁市宾阳县": "南宁市","广西南宁市武鸣县": "南宁市","广西贺州市": "贺州市","广西贵港市": "贵港市","广西贵港市覃塘区": "贵港市","广西贵港市港南区": "贵港市","广西崇左市": "崇左市","广东省深圳市南山区": "深圳市","广东省深圳市罗湖区": "深圳市","广东省深圳市龙岗区": "深圳市","广东省深圳市福田区": "深圳市","广东省深圳市盐田区": "深圳市","广东省广州市海珠区": "广州市","广东省广州市天河区": "广州市","广东省广州市花都区": "广州市","广东省广州市黄埔区": "广州市","广东省广州市荔湾区": "广州市","广东省广州市萝岗区": "广州市","广东省广州市番禹区": "广州市","广东省广州市从化市": "广州市","四川省广元市": "广元市","四川省遂宁市": "遂宁市","四川省巴中市": "巴中市","四川省内江市": "内江市","四川省泸州市": "泸州市","四川省宜宾市": "宜宾市","四川省南充市": "南充市","四川省德阳市": "德阳市","四川省绵阳市": "绵阳市","四川省乐山市": "乐山市","四川省广安市": "广安市","四川省资阳市": "资阳市","四川省凉山州西昌市": "凉山彝族自治州","四川省自贡市": "自贡市","四川省攀枝花市": "攀枝花市","四川省达州市": "达州市","四川省雅安市": "雅安市","四川省": "四川省","四川省德阳市什邡市": "德阳市","海南省海口市": "海口市","海南省儋州市": "海南省","广西百色市": "百色市","广西河池市": "河池市","广西防城港市": "防城港市","浙江省丽水市": "丽水市","宁夏银川市兴庆区": "银川市","北京市通州区": "北京市","北京市延庆县": "北京市","浙江省温州市": "温州市","北京市门头沟区": "北京市","辽宁省沈阳市": "沈阳市","辽宁省盘锦市": "盘锦市","吉林省四平市": "四平市","吉林省吉林市": "吉林市","吉林省白城市": "白城市","江苏省常州市": "常州市","黑龙江大学": "哈尔滨市","山东省济南市山东大学": "济南市","江苏省苏州市张家港市": "苏州市","江苏省苏州市吴中区": "苏州市","江苏省苏州市常熟市": "苏州市","江苏省苏州市相城区": "苏州市","江苏省苏州市吴江松陵镇": "苏州市","江苏省南京市雨花区": "南京市","江苏省南京市江宁区": "南京市","江苏省南京市雨花台区": "南京市","江苏省南京市高淳县": "南京市","江苏省南京市秦淮区": "南京市","江苏省南京市栖霞区": "南京市","江苏省南京市玄武区": "南京市","江苏省南京市白下区": "南京市","江苏省无锡市江阴市": "无锡市","江苏省无锡市宜兴市": "无锡市","江苏省无锡市南长区": "无锡市","江苏省常州市武进区": "常州市","江苏省常州市钟楼区": "常州市","江苏省常州市天宁区": "常州市","江苏省常州市溧阳市": "常州市","江苏省常州市新北区": "常州市","江苏省常州市金坛市": "常州市","江苏省镇江市": "镇江市","江苏省镇江市丹阳市": "镇江市","江苏省镇江市润州区": "镇江市","江苏省徐州市铜山县": "徐州市","江苏省盐城市射阳县": "盐城市","江苏省盐城市大丰市": "盐城市","江苏省扬州市高邮市": "扬州市","江苏省南通市如皋市": "南通市","江苏省南通市海门市": "南通市","江苏省泰州市姜堰市": "泰州市","江苏省泰州市海陵区": "泰州市","江苏省泰州市高港区": "泰州市","江苏省泰州市泰兴市": "泰州市","江苏省泰州市靖江市": "泰州市","江苏省苏州市太仓市": "苏州市","江苏省无锡市惠山区": "无锡市","江苏省扬州市仪征市": "扬州市","江苏省盐城市东台市": "盐城市","安徽省黄山市": "黄山市","安徽省池州市": "池州市","安徽省宣城市": "宣城市","安徽省合肥市巢湖市": "合肥市","安徽省宿州市": "宿州市","安徽省亳州市": "亳州市","安徽省六安市": "六安市","安徽省淮北市": "淮北市","安徽省阜阳市": "阜阳市","安徽省阜阳市颍东区": "阜阳市","安徽省铜陵市": "铜陵市","安徽省马鞍山市": "马鞍山市","安徽省安庆市": "安庆市","安徽省蚌埠市": "蚌埠市","安徽省蚌埠市固镇县": "蚌埠市","安徽省芜湖市": "芜湖市","安徽省合肥市瑶海区": "合肥市","吉林省长春市德惠市": "长春市","吉林省四平市公主岭市": "四平市","吉林省辽源市": "辽源市","吉林省长春市九台市": "长春市","吉林省通化市梅河口市": "通化市","吉林省延边州": "延边朝鲜族自治州","吉林省延边州珲春市": "延边朝鲜族自治州","吉林省延边州延吉市": "延边朝鲜族自治州","吉林省通化市": "通化市","吉林省松原市": "松原市","吉林省松原市宁江区": "松原市","广东省江门市开平市": "江门市","广东省江门市江海区": "江门市","广东省珠海市斗门区": "珠海市","广东省清远市清城区": "清远市","广东省汕尾市海丰县": "汕尾市","广东省河源市紫金县": "河源市","广东省河源市和平县": "河源市","广东省河源市龙川县": "河源市","广东省梅州市梅县": "梅州市","广东省清远市英德市": "清远市","广东省韶关市武江区": "韶关市","广东省韶关市曲江区": "韶关市","广东省惠州市博罗县": "惠州市","广东省惠州市惠阳区": "惠州市","广东省惠州市惠城区": "惠州市","广东省惠州市惠东区": "惠州市","广东省肇庆市端州区": "肇庆市","广东省肇庆市鼎湖区": "肇庆市","广东省茂名市高州市": "茂名市","广东省茂名市信宜市": "茂名市","广东省湛江市赤坎区": "湛江市","广东省湛江市吴川市": "湛江市","广东省湛江市廉江市": "湛江市","广东省湛江市麻章区": "湛江市","广东省潮州市潮安县": "潮州市","广东省汕头市潮阳区": "汕头市","广东省东莞市虎门镇": "东莞市","广东省江门市台山市": "江门市","广东省江门市蓬江区": "江门市","广东省江门市鹤山市": "江门市","广东省东莞市南城区": "东莞市","广东省佛山市顺徳区": "佛山市","广东省阳江市阳春市": "阳江市","广东省广州市南沙区": "广州市","辽宁省沈阳市铁西区": "沈阳市","辽宁省沈阳市沈北新区": "沈阳市","辽宁省沈阳市皇姑区": "沈阳市","辽宁省沈阳市苏家屯区": "沈阳市","辽宁省沈阳市东陵区": "沈阳市","辽宁省沈阳市沈河区": "沈阳市","辽宁省沈阳市和平区": "沈阳市","辽宁省大连市开发区": "大连市","辽宁省大连市甘井子区": "大连市","辽宁省大连市沙河口区": "大连市","辽宁省大连市中山区": "大连市","辽宁省大连市西岗区": "大连市","辽宁省大连市旅顺口区": "大连市","辽宁省大连市庄河市": "大连市","辽宁省大连市普兰店市": "大连市","辽宁省大连市金州区": "大连市","辽宁省鞍山市": "鞍山市","辽宁省鞍山市立山区": "鞍山市","辽宁省鞍山市铁西区": "鞍山市","辽宁省鞍山市千山区": "鞍山市","辽宁省鞍山市铁东区": "鞍山市","辽宁省鞍山市海城市": "鞍山市","辽宁省鞍山市岫岩满族自治县": "鞍山市","辽宁省鞍山市台安县": "鞍山市","辽宁省朝阳市": "朝阳市","辽宁省朝阳市北票市": "朝阳市","辽宁省锦州市": "锦州市","辽宁省锦州市古塔区": "锦州市","辽宁省锦州市凌海市": "锦州市","辽宁省锦州市北镇市": "锦州市","辽宁省铁岭市": "铁岭市","辽宁省盘锦市双台子区": "盘锦市","辽宁省盘锦市大洼县": "盘锦市","辽宁省盘锦市兴隆台区": "盘锦市","辽宁省营口市站前区": "营口市","辽宁省丹东市": "丹东市","辽宁省丹东市振安区": "丹东市","辽宁省丹东市元宝区": "丹东市","辽宁省丹东市振兴区": "丹东市","辽宁省丹东市凤城市": "丹东市","辽宁省丹东市东港市": "丹东市","辽宁省丹东市宽甸满族自治县": "丹东市","辽宁省本溪市": "本溪市","辽宁省本溪市本溪县": "本溪市","辽宁省本溪市明山区": "本溪市","辽宁省本溪市溪湖区": "本溪市","辽宁省本溪市平山区": "本溪市","辽宁省营口市": "营口市","辽宁省营口市西市区": "营口市","辽宁省营口市鲅鱼圈区": "营口市","辽宁省营口市老边区": "营口市","辽宁省营口市大石桥市": "营口市","辽宁省抚顺市": "抚顺市","辽宁省抚顺市新抚区": "抚顺市","辽宁省抚顺市望花区": "抚顺市","辽宁省阜新市太平区": "阜新市","辽宁省阜新市": "阜新市","辽宁省辽阳市": "辽阳市","辽宁省辽阳市白塔区": "辽阳市","辽宁省辽阳市太子河区": "辽阳市","辽宁省辽阳市文圣区": "辽阳市","辽宁省本溪市桓仁县": "本溪市","辽宁省辽阳市辽阳县": "辽阳市","辽宁省辽阳市弓长岭区": "辽阳市","辽宁省辽阳市灯塔市": "辽阳市","辽宁省辽阳市宏伟区": "辽阳市","辽宁省葫芦岛市": "葫芦岛市","辽宁省葫芦岛市兴城市": "葫芦岛市","辽宁省葫芦岛市绥中县": "葫芦岛市","辽宁省铁岭市调兵山市": "铁岭市","山西省大同市": "大同市","山西省长治市": "长治市","山西省忻州市": "忻州市","山西省忻州市原平市": "忻州市","山西省晋中市介休市": "晋中市","山西省晋中市": "晋中市","山西省太原市": "太原市","山西省临汾市": "临汾市","山西省临汾市城区": "临汾市","山西省临汾市霍东": "临汾市","山西省临汾市侯马市": "临汾市","山西省临汾市尧都区": "临汾市","山西省临汾市吉县": "临汾市","山西省临汾市翼城县": "临汾市","山西省临汾市曲沃县": "临汾市","山西省临汾市洪洞县": "临汾市","山西省临汾市北城": "临汾市","山西省临汾市乡宁县": "临汾市","山西省临汾市汾西县": "临汾市","山西省临汾市襄汾县": "临汾市","山西省临汾市蒲县": "临汾市","山西省运城市": "运城市","山西省晋城市": "晋城市","山西省朔州市": "朔州市","山西省阳泉市": "阳泉市","山西省吕梁市": "吕梁市","山西省吕梁市孝义市": "吕梁市","山西省太原市尖草坪区": "太原市","山西省太原市小店区": "太原市","山西省太原市古交市": "太原市","山西省太原市万柏林区": "太原市","海南省文昌市": "海南省","海南省万宁市": "海南省","海南省琼海市": "海南省","海南省三亚市": "三亚市","海南省定安县": "海南省","海南省屯昌县": "海南省","海南省陵水县": "海南省","海南省五指山市": "海南省","海南省澄迈县": "海南省","海南省保亭县": "海南省","海南省琼中县": "海南省","海南省乐东县": "海南省","海南省临高县": "海南省","海南省": "海南省","海南省白沙县": "海南省","海南省昌江县": "海南省","海南省东方市": "海南省","海南省海口市龙华区": "海口市","海南省海口市琼山区": "海口市","海南省海口市秀英区": "海口市","海南省陵水市": "海南省","湖南省衡阳市珠晖区": "衡阳市","湖南省衡阳市蒸湘区": "衡阳市","湖南省衡阳市衡山县衡山县": "衡阳市","湖南省衡阳市衡山县": "衡阳市","湖南省衡阳市常宁市": "衡阳市","江西省南昌市青山湖区": "南昌市","江西省南昌市南昌县": "南昌市","江西省南昌市进贤县": "南昌市","山西省临汾市霍州市": "临汾市","江西省南昌市新建县": "南昌市","江西省九江市都昌县": "九江市","四川省凉山州": "凉山彝族自治州","江西省上饶市德兴市": "上饶市","江西省南昌市东湖区": "南昌市","江西省吉安市新干县": "吉安市","福建省福州市鼓楼区": "福州市","福建省福州市台江区": "福州市","福建省福州市永泰县": "福州市","福建省泉州市鲤城区": "泉州市","福建省泉州市惠安县": "泉州市","福建省泉州市南安市": "泉州市","福建省泉州市永春县": "泉州市","福建省厦门市思明区": "厦门市","福建省厦门市集美区": "厦门市","福建省宁德市福鼎市": "宁德市","福建省莆田市仙游县": "莆田市","福建省莆田市荔城区": "莆田市","福建省莆田市涵江区": "莆田市","福建省龙岩市永定县": "龙岩市","福建省漳州市龙海市": "漳州市","福建省漳州市芗城区": "漳州市","福建省南平市邵武市": "南平市","福建省南平市武夷山市": "南平市","福建省宁德市古田县": "宁德市","福建省龙岩市新罗区": "龙岩市","福建省三明市永安市": "三明市","福建省泉州市泉港区": "泉州市","江西省萍乡市芦溪县": "萍乡市","江西省鹰潭市贵溪市": "鹰潭市","江西省九江市瑞昌市": "九江市","江西省宜春市樟树市": "宜春市","江西省宜春市丰城市": "宜春市","江西省景德镇市": "景德镇市","北京交通大学": "北京市","中央财经大学": "北京市","北京邮电大学": "北京市","对外经济贸易大学": "北京市","清华大学": "北京市","清华大学紫荆公寓": "北京市","河北省张家口市": "张家口市","河北省沧州市任丘市": "沧州市","华中农业大学学生宿舍": "武汉市","华中农业大学": "武汉市","河南省开封市": "开封市","湖南省永州市": "永州市","吉林大学": "葫芦岛市","吉林大学前卫南区": "葫芦岛市","陕西省铜川市": "铜川市","陕西省西安市长安区": "西安市","陕西省咸阳市": "咸阳市","新疆伊犁州伊宁市": "伊犁哈萨克自治州","厦门大学漳州校区": "漳州市","上海交通大学闵行校区": "上海市","上海交通大学": "上海市","浙江省台州市": "台州市","浙江省衢州市": "衢州市","台湾省台北市": "台湾省","广西柳州市柳南区": "柳州市","广西来宾市": "来宾市","广西梧州市岑溪市": "梧州市","广西桂林市兴安县": "桂林市","广西桂林市阳朔县": "桂林市","北京市昌平区": "北京市","湖北省武汉市江汉区": "武汉市","湖北省武汉市青山区": "武汉市","四川省眉山市": "眉山市","广西百色市田阳县": "百色市","广西钦州市灵山县": "钦州市","河北省石家庄市晋州市": "石家庄市","河北省石家庄市无极县": "石家庄市","河北省石家庄市赞皇县": "石家庄市","河北省唐山市滦南县": "唐山市","河北省唐山市乐亭县": "唐山市","河北省唐山市玉田县": "唐山市","河北省唐山市路北区": "唐山市","河北省保定市阜平县": "保定市","河北省保定市高碑店市": "保定市","河北省保定市高阳县": "保定市","河北省保定市涿州市": "保定市","河北省邯郸市馆陶县": "邯郸市","河北省邯郸市成安县": "邯郸市","河北省邢台市": "邢台市","河北省邢台市平乡县": "邢台市","河北省邢台市清河县": "邢台市","河北省邢台市桥东区": "邢台市","河北省邢台市威县": "邢台市","河北省邢台市巨鹿县": "邢台市","河北省邢台市桥西区": "邢台市","河北省秦皇岛市": "秦皇岛市","河北省张家口市宣化区": "张家口市","河北省张家口市张北县": "张家口市","河北省张家口市怀安县": "张家口市","河北省张家口市赤城县": "张家口市","河北省张家口市阳原县": "张家口市","河北省张家口市怀来县": "张家口市","河北省衡水市深州市": "衡水市","河北省衡水市桃城区": "衡水市","河北省衡水市景县": "衡水市","河北省廊坊市三河市": "廊坊市","河北省廊坊市文安县": "廊坊市","河北省廊坊市霸州市": "廊坊市","河北省廊坊市大城县": "廊坊市","黑龙江省伊春市西林区": "伊春市","黑龙江省伊春市网际飞帆网吧": "伊春市","黑龙江省大兴安岭地区加格达奇区": "大兴安岭地区","黑龙江省大兴安岭地区塔河县": "大兴安岭地区","黑龙江省黑河市北安市": "黑河市","黑龙江省黑河市五大连池市": "黑河市","黑龙江省黑河市逊克县": "黑河市","浙江省杭州市富阳市": "杭州市","宁波大学": "宁波市","浙江省温州市瓯海区": "温州市","浙江省金华市义乌市": "金华市","浙江省绍兴市": "绍兴市","浙江省嘉兴市嘉善县": "嘉兴市","浙江省嘉兴市桐乡市": "嘉兴市","浙江省湖州市": "湖州市","浙江省金华市永康市": "金华市","新疆哈密市": "哈密地区","新疆吐鲁番市": "吐鲁番地区","新疆昌吉市": "昌吉回族自治州","新疆昌吉州阜康市": "昌吉回族自治州","新疆巴音郭楞州库尔勒市": "巴音郭楞蒙古自治州","新疆喀什市": "喀什地区","新疆伊犁州": "伊犁哈萨克自治州","新疆克孜勒苏柯尔州": "克孜勒苏柯尔克孜自治州","新疆阿克苏地区": "阿克苏地区","新疆阿克苏地区阿克苏市": "阿克苏地区","新疆伊犁州奎屯市": "伊犁哈萨克自治州","新疆博尔塔拉州": "博尔塔拉蒙古自治州","新疆克拉玛依市": "克拉玛依市","黑龙江省大庆市红岗区阿宽网络工作室": "大庆市","黑龙江省大庆市红岗区阿宽网络工作室A区": "大庆市","黑龙江省佳木斯市同江市市": "佳木斯市","黑龙江省绥化市安达市": "绥化市","黑龙江省绥化市肇东市": "绥化市","黑龙江省伊春市铁力市": "伊春市","黑龙江省绥化地区": "绥化市","黑龙江省绥化市绥棱县": "绥化市","黑龙江省绥化市明水县": "绥化市","黑龙江省绥化市海伦市": "绥化市","辽宁省沈阳市大东区": "沈阳市","辽宁省阜新市海州区": "阜新市","辽宁省铁岭市开原市": "铁岭市","辽宁省铁岭市昌图县": "铁岭市","辽宁省铁岭市铁岭县": "铁岭市","辽宁省大连市金洲区": "大连市","辽宁省朝阳市建平县": "朝阳市","辽宁省朝阳市喀左县": "朝阳市","辽宁省盘锦市盘山县": "盘锦市","辽宁省营口市盖州市": "营口市","天津市滨海新区": "天津市","天津市红桥区": "天津市","天津市南开区": "天津市","天津市北辰区": "天津市","天津市河北区": "天津市","天津市武清区": "天津市","天津市蓟县": "天津市","天津市河西区": "天津市","天津市河平区": "天津市","天津市塘沽区": "天津市","天津市静海县": "天津市","天津市西青区": "天津市","天津市河东区": "天津市","天津市津南区": "天津市","天津市东丽区": "天津市","天津市宁河县": "天津市","天津市和平区": "天津市","天津市宝坻区": "天津市","天津市虹桥区": "天津市","天津市大港区": "天津市","内蒙古包头市昆区": "包头市","内蒙古包头市东河区": "包头市","内蒙古兴安盟": "兴安盟","浙江省宁波市海曙区": "宁波市","浙江省宁波市奉化市": "宁波市","浙江省宁波市宁海县": "宁波市","浙江省宁波市慈溪市": "宁波市","浙江省宁波市余姚市": "宁波市","云南省昭通市": "昭通市","云南省昭通市昭阳区": "昭通市","云南省大理州大理市": "大理白族自治州","云南省大理州永平县": "大理白族自治州","云南省玉溪市中天网吧": "玉溪市","云南省玉溪市红塔区": "玉溪市","云南省玉溪市友缘网吧": "玉溪市","云南省玉溪市易门县": "玉溪市","云南省大理州": "大理白族自治州","云南省文山州": "文山壮族苗族自治州","云南省文山州广南县": "文山壮族苗族自治州","云南省文山州砚山县": "文山壮族苗族自治州","云南省文山州马关县": "文山壮族苗族自治州","云南省红河州": "红河哈尼族彝族自治州","云南省红河州金平县": "红河哈尼族彝族自治州","云南省红河州屏边县": "红河哈尼族彝族自治州","云南省红河州开远市": "红河哈尼族彝族自治州","云南省红河州弥勒县": "红河哈尼族彝族自治州","云南省红河州建水县": "红河哈尼族彝族自治州","云南省曲靖市麒麟区": "曲靖市","云南省曲靖市宣威市": "曲靖市","云南省曲靖市马龙县": "曲靖市","云南省临沧市": "临沧市","云南省临沧市镇康县": "临沧市","云南省临沧市沧源县": "临沧市","云南省临沧市临翔区": "临沧市","云南省临沧市凤庆县": "临沧市","云南省临沧市云县": "临沧市","云南省丽江市": "丽江市","云南省丽江市古城区": "丽江市","云南省丽江市华坪县": "丽江市","浙江省台州市黄岩区": "台州市","浙江省台州市三门县": "台州市","浙江省嘉兴市海盐县": "嘉兴市","浙江省嘉兴市平湖市": "嘉兴市","甘肃省兰州市城关区": "兰州市","甘肃省兰州市安宁区": "兰州市","甘肃省白银市平川区": "白银市","甘肃省天水市甘谷县": "天水市","甘肃省庆阳市西峰区": "庆阳市","甘肃省庆阳市庆城县": "庆阳市","甘肃省庆阳市正宁县": "庆阳市","甘肃省庆阳市环县": "庆阳市","甘肃省武威市凉州区": "武威市","甘肃省金昌市永昌县": "金昌市","甘肃省酒泉市玉门市": "酒泉市","甘肃省酒泉市敦煌市": "酒泉市","甘肃省酒泉市金塔县": "酒泉市","甘肃省陇南市成县": "陇南市","甘肃省陇南市徽县": "陇南市","甘肃省陇南市武都区": "陇南市","甘肃省甘南州合作市": "甘南藏族自治州","甘肃省临夏州临夏市": "临夏回族自治州","甘肃省定西市岷县": "定西市","甘肃省定西市陇西县": "定西市","甘肃省酒泉市瓜州县": "酒泉市","甘肃省临夏州广河县": "临夏回族自治州","甘肃省兰州市七里河区": "兰州市","甘肃省甘南州卓尼县": "甘南藏族自治州","安徽省合肥市蜀山区": "合肥市","安徽省合肥市肥西县": "合肥市","安徽省合肥市长丰县": "合肥市","安徽省蚌埠市蚌山区": "蚌埠市","安徽省蚌埠市怀远县": "蚌埠市","安徽省蚌埠市五河县": "蚌埠市","安徽省淮南市凤台县": "淮南市","安徽省淮南市谢家集区": "淮南市","安徽省淮南市田家庵区": "淮南市","安徽省马鞍山市当涂县": "马鞍山市","安徽省安庆市宿松县": "安庆市","安徽省安庆市迎江区": "安庆市","安徽省安庆市太湖县": "安庆市","安徽省安庆市望江县": "安庆市","安徽省安庆市宜秀区": "安庆市","安徽省宿州市萧县": "宿州市","安徽省宿州市灵璧县": "宿州市","安徽省宿州市砀山县": "宿州市","安徽省阜阳市界首市": "阜阳市","安徽省阜阳市阜南县": "阜阳市","安徽省阜阳市颍上县": "阜阳市","安徽省阜阳市临泉县": "阜阳市","安徽省滁州市明光市": "滁州市","安徽省滁州市定远县": "滁州市","安徽省滁州市定员县": "滁州市","安徽省滁州市天长市": "滁州市","安徽省滁州市凤阳县": "滁州市","安徽省滁州市来安县": "滁州市","安徽省淮北市濉溪县": "淮北市","安徽省宣城市广德县": "宣城市","安徽省宿州市广德县": "宿州市","安徽省宣城市宣州区": "宣城市","安徽省宣城市旌德县": "宣城市","安徽省宣城市绩溪县": "宣城市","安徽省宣城市宁国市": "宣城市","安徽省宣城市郎溪县": "宣城市","安徽省六安市寿县": "六安市","安徽省六安市舒城县": "六安市","安徽省池州市青阳县": "池州市","安徽省亳州市谯城区": "亳州市","安徽省亳州市利辛县": "亳州市","安徽省亳州市蒙城县": "亳州市","安徽省安庆市枞阳县": "安庆市","安徽省安庆市大观区": "安庆市","浙江省杭州市萧山区": "杭州市","浙江省宁波市江东区": "宁波市","福建省/陕西省": "福建省","浙江省温州市苍南县": "温州市","浙江省金华市金东区": "金华市","浙江省金华市江南区": "金华市","浙江省金华市婺城区": "金华市","浙江省金华市磐安县": "金华市","浙江省衢州市开化县": "衢州市","浙江省舟山市": "舟山市","浙江省台州市路桥区": "台州市","浙江省台州市温岭市": "台州市","浙江省宁波市北仑区": "宁波市","浙江省宁波市鄞州区": "宁波市","浙江省宁波市江北区": "宁波市","浙江省宁波市象山县": "宁波市","浙江省温州市乐清市": "温州市","浙江省温州市苍南县龙港镇": "温州市","浙江省温州市苍南县灵溪镇": "温州市","浙江省温州市瑞安市": "温州市","浙江省温州市文成县": "温州市","浙江省温州市永嘉县": "温州市","浙江省温州市鹿城区": "温州市","浙江省温州市欧海区": "温州市","浙江省温州市龙湾区": "温州市","浙江省丽水市云和县": "丽水市","浙江省丽水市松阳县": "丽水市","浙江省丽水市龙泉市": "丽水市","浙江省丽水市缙云县": "丽水市","浙江省嘉兴市海宁市": "嘉兴市","浙江省湖州市安吉县": "湖州市","浙江省湖州市德清县": "湖州市","浙江省绍兴市诸暨市": "绍兴市","浙江省绍兴市嵊州市": "绍兴市","浙江省绍兴市绍兴县": "绍兴市","浙江省杭州市余杭区": "杭州市","浙江省杭州市滨江区": "杭州市","浙江省杭州市西湖区": "杭州市","浙江省杭州市江干区": "杭州市","浙江省杭州市拱墅区": "杭州市","浙江省杭州市下城区": "杭州市","浙江省杭州市桐庐县": "杭州市","浙江工业大学": "杭州市","浙江省杭州市临安市": "杭州市","浙江省台州市椒江区": "台州市","浙江省台州市玉环县": "台州市","浙江省台州市临海市": "台州市","浙江省台州市天台县": "台州市","浙江省台州市仙居县": "台州市","浙江省金华市东阳市": "金华市","浙江省金华市浦江县": "金华市","浙江省金华市武义县": "金华市","北京市朝阳区西坝河南里3号楼一层怀善网梦网吧": "北京市","北京市宣武区": "北京市","北京宣武区广安门内大街广义街金网友网吧": "北京市","北京市顺义区": "北京市","北京市西城区": "北京市","北京市平谷区": "北京市","北京市大兴区西红门四杰网吧": "北京市","北京市海淀区当泽联友网城": "北京市","北京市丰台区": "北京市","北京市大兴区": "北京市","北京市房山区": "北京市","北京市崇文区": "北京市","北京市怀柔区": "北京市","北京海淀区韦伯豪网吧A厅": "北京市","北京市房山区理工大学对面尚学城网吧": "北京市","北京市石景山市": "北京市","山东省济南市长清区": "济南市","山东省济南市中区": "济南市","山东省济南市历城区维宇网吧": "济南市","山东省济南市历下区": "济南市","山东省青岛市城阳区": "青岛市","山东省青岛市市南区": "青岛市","山东省青岛市崂山区": "青岛市","山东省青岛市即墨市": "青岛市","山东省淄博市张店区": "淄博市","山东省淄博市周村区": "淄博市","山东省淄博市淄川区": "淄博市","山东省淄博市桓台县": "淄博市","山东省淄博市沂源县": "淄博市","山东省淄博市高青县": "淄博市","山东省潍坊市安丘市": "潍坊市","山东省潍坊市高密市": "潍坊市","山东省德州市夏津县": "德州市","山东省济宁市市中区": "济宁市","山东省济宁市兖州市": "济宁市","山东省济宁市金乡县": "济宁市","山东省济宁市任城区": "济宁市","山东省济宁市邹城市": "济宁市","山东省烟台市龙口市": "烟台市","山东省威海市乳山市": "威海市","山东省临沂市莒南县": "临沂市","山东省临沂市郯城县": "临沂市","山东省泰安市新泰市": "泰安市","山东省聊城市临清市": "聊城市","山东省枣庄市滕州市": "枣庄市","山东省枣庄市台儿庄区": "枣庄市","山东省滨州市邹平县": "滨州市","山东省莱芜市莱城区": "莱芜市","山东省烟台市莱山区": "烟台市","山东省济南市济阳县": "济南市","山东省威海市文登市": "威海市","山东省威海市荣成市": "威海市","黑龙江省大庆市肇州县": "大庆市","黑龙江省大庆市红岗区阿宽网络工作室B区": "大庆市","山西省长治市沁源县": "长治市","山西省临汾市古县": "临汾市","山西省临汾市安泽县": "临汾市","山西省吕梁市离石区": "吕梁市","山西省临汾市隰县": "临汾市","山西省临汾市大宁县": "临汾市","山西省临汾市永和县": "临汾市","山西省运城市盐湖区": "运城市","山西省运城市垣曲县": "运城市","山西省运城市稷山县": "运城市","山西省运城市临猗县": "运城市","山西省运城市闻喜县": "运城市","山西省运城市新绛县": "运城市","山西省运城市永济市": "运城市","山西省晋中市榆次区": "晋中市","山西省晋中市太谷县": "晋中市","山西省晋中市平遥县": "晋中市","山西省晋中市寿阳县": "晋中市","山西省晋中市左权县": "晋中市","北京市密云县": "北京市","北京石油化工学院": "北京市","北京工业大学": "北京市","中国测绘院": "中国","北京科技大学": "北京市","北京航空航天大学": "北京市","河南省郑州市二七区": "郑州市","河南省鹤壁市": "鹤壁市","河南省许昌市鄢陵县": "许昌市","河南省许昌市禹州市": "许昌市","河南省驻马店市确山县": "驻马店市","河南省驻马店市西平县": "驻马店市","河南省驻马店市上蔡县": "驻马店市","河南省驻马店市新蔡县": "驻马店市","河南省信阳市": "信阳市","河南省开封市尉氏县": "开封市","河南省开封市开封县": "开封市","河南省开封市通许县": "开封市","河南省开封市禹王台区": "开封市","河南省鹤壁市浚县": "鹤壁市","河南省信阳市罗山县": "信阳市","河南省信阳市平桥区": "信阳市","河南省信阳市光山县": "信阳市","河南省信阳市潢川县": "信阳市","河南省信阳市师河区": "信阳市","河南省信阳市浉河区": "信阳市","河南省信阳市商城县": "信阳市","河南省商丘市梁园区": "商丘市","河南省商丘市睢阳区": "商丘市","河南省商丘市虞城县": "商丘市","河南省商丘市宁陵县": "商丘市","河南省商丘市柘城县": "商丘市","河南省安阳市林州市": "安阳市","河南省安阳市汤阴县": "安阳市","河南省安阳市滑县": "安阳市","河南省洛阳市涧西区": "洛阳市","河南省洛阳市宜阳县": "洛阳市","河南省洛阳市孟津县": "洛阳市","河南省洛阳市偃师市": "洛阳市","河南省洛阳市瀍河区": "洛阳市","河南省洛阳市汝阳县": "洛阳市","河南省洛阳市栾川县": "洛阳市","河南省新乡市长垣县": "新乡市","河南省漯河市舞阳县": "漯河市","河南省漯河市临颍县": "漯河市","河南省漯河市丁湾": "漯河市","河南省信阳市淮滨县": "信阳市","河南省三门峡市义马市": "三门峡市","河南省三门峡市渑池县": "三门峡市","河南省安阳市安阳县": "安阳市","河南省安阳市内黄县": "安阳市","河南省安阳市北关区": "安阳市","河南省安阳市龙安区": "安阳市","河北省石家庄市行唐县": "石家庄市","河北省石家庄市正定县": "石家庄市","河北省秦皇岛市海港区": "秦皇岛市","河北省沧州市河间市": "沧州市","河北省张家口市桥西区": "张家口市","河北省张家口市崇礼县": "张家口市","河北省承德市": "承德市","河北省邯郸市临漳县": "邯郸市","河北省保定市定州市": "保定市","台湾省台中市": "台湾省","新疆阿勒泰市": "阿勒泰地区","新疆塔城地区乌苏市": "塔城地区","新疆和田地区": "和田地区","重庆市大渡口区": "重庆市","重庆市沙坪坝区陈家湾": "重庆市","重庆市万州区沙龙路": "重庆市","重庆市万州区王家坡": "重庆市","重庆市梁平县": "重庆市","重庆市武隆县": "重庆市","重庆市龙泉驿区": "重庆市","重庆市黔江区": "重庆市","重庆市秀山县": "重庆市","重庆市酉阳县": "重庆市","重庆市石柱县": "重庆市","重庆市万盛区": "重庆市","重庆市长寿区": "重庆市","重庆市綦江县": "重庆市","重庆市北碚区彩虹桥": "重庆市","重庆市荣昌县": "重庆市","重庆信息工程专修学院": "重庆市","华东师范大学": "上海市","浙江省杭州市上城区": "杭州市","浙江省衢州市柯城区": "衢州市","浙江省衢州市常山县": "衢州市","浙江省衢州市江山市": "衢州市","浙江省衢州江": "衢州市","浙江省衢州市龙游县": "衢州市","福建省福州市闽侯县青口镇": "福州市","福建省福州市闽侯县": "福州市","福建省福州市平潭县": "福州市","福建省福州市连江县": "福州市","江苏省连云港市赣榆县": "连云港市","江苏省淮安市淮阴区": "淮安市","江苏省镇江市句容市": "镇江市","江苏省镇江市扬中市": "镇江市","江苏省镇江市丹徒区": "镇江市","江苏省扬州市宝应县": "扬州市","江苏省徐州市贾汪区": "徐州市","合肥工业大学": "合肥市","安徽省池州市贵池区": "池州市","山东省潍坊市临朐": "潍坊市","山东省潍坊市昌乐县": "潍坊市","山东省青岛市李沧区": "青岛市","山东省日照市东港": "日照市","宁夏银川市金凤区": "银川市","宁夏银川市西夏区": "银川市","宁夏银川市永宁县": "银川市","宁夏银川市灵武市": "银川市","宁夏银川市贺兰县": "银川市","宁夏固原市西吉县": "固原市","宁夏银川西夏区": "银川市","青海省海西州格尔木市": "海西蒙古族藏族自治州","青海省海北州刚察县": "海北藏族自治州","青海省海东地区平安县": "海东地区","青海省海东地区乐都县": "海东地区","青海省海东地区": "海东地区","青海省": "青海省","青海省海东地区化隆县": "海东地区","青海省海东地区互助县": "海东地区","青海省海东地区循化县": "海东地区","青海省海东地区民和县": "海东地区","青海省海西州": "海西蒙古族藏族自治州","青海省海西州德令哈市": "海西蒙古族藏族自治州","青海省海北州": "海北藏族自治州","青海省海北州祁连县": "海北藏族自治州","青海省海北州门源县": "海北藏族自治州","青海省海南州贵南县": "海南藏族自治州","青海省海南州": "海南藏族自治州","青海省海南州贵德县": "海南藏族自治州","青海省黄南州同仁县": "黄南藏族自治州","青海省黄南州": "黄南藏族自治州","陕西省咸阳市秦都区": "咸阳市","陕西省宝鸡市金台区": "宝鸡市","陕西省宝鸡市上马营": "宝鸡市","陕西省汉中市勉县": "汉中市","陕西省汉中市汉台区": "汉中市","汉中理工学院": "汉中市","陕西省渭南市韩城市": "渭南市","陕西省安康市汉滨区": "安康市","陕西省榆林市神木县": "榆林市","陕西省榆林市定边县": "榆林市","陕西省榆林市靖边县": "榆林市","陕西省榆林市米脂县": "榆林市","甘肃省张掖地区": "张掖市","甘肃省定西市临洮县": "定西市","甘肃省庆阳市合水县": "庆阳市","甘肃省白银市靖远县": "白银市","甘肃省天水市秦州区": "天水市","内蒙古锡林郭勒盟二连浩特市": "锡林郭勒盟","内蒙古兴安盟扎赉特旗": "兴安盟","内蒙古兴安盟市": "兴安盟","内蒙古包头市青山区": "包头市","河南省洛阳市洛龙区": "洛阳市","河南省驻马店市正阳县": "驻马店市","河南省开封市杞县": "开封市","湖北省荆州市监利县": "荆州市","湖北省荆州市石首市": "荆州市","湖北省宜昌市葛洲坝": "宜昌市","湖北省十堰市丹江口市": "十堰市","湖北省黄冈市团风县": "黄冈市","湖北省黄冈市蕲春县": "黄冈市","湖北省黄冈市蕲春县漕河镇": "黄冈市","湖北省黄冈市浠水县": "黄冈市","湖北省咸宁市通城县": "咸宁市","湖北省孝感市云梦县": "孝感市","湖北省孝感市安陆市": "孝感市","湖北省荆州市西门外": "荆州市","湖北省十堰市郧西县": "十堰市","湖北省黄冈市体育路": "黄冈市","湖北省孝感市孝昌县": "孝感市","湖北省天门市文化市场": "湖北省","湖南省郴州市桂阳县": "郴州市","黑龙江省齐齐哈尔市富拉尔基区": "齐齐哈尔市","黑龙江省齐齐哈尔市铁锋区": "齐齐哈尔市","黑龙江省齐齐哈尔市建华区": "齐齐哈尔市","黑龙江省齐齐哈尔市龙沙区": "齐齐哈尔市","黑龙江省七台河市新兴区": "七台河市","黑龙江省七台河市勃利县": "七台河市","内蒙古巴彦淖尔市临河区": "巴彦淖尔市","内蒙古通辽市霍林郭勒市": "通辽市","内蒙古鄂尔多斯市鄂托克前旗": "鄂尔多斯市","内蒙古阿拉善盟阿拉善左旗": "阿拉善盟","内蒙古包头市固阳县": "包头市","吉林省吉林市桦甸市": "吉林市","吉林省吉林市昌邑区": "吉林市","吉林省延边州敦化市": "延边朝鲜族自治州","吉林省白山市": "白山市","吉林省白山市临江市": "白山市","吉林省延边市": "延边朝鲜族自治州","云南省昆明市西山区": "昆明市","云南大学": "昆明市","云南省昆明市盘龙区": "昆明市","云南省昆明市五华区": "昆明市","云南省昆明市官渡区": "昆明市","云南省玉溪市通海县": "玉溪市","四川省内江市资中县": "内江市","四川省成都市青白江区": "成都市","四川省成都市双流县": "成都市","吉林省长春市二道区": "长春市","吉林省吉林市珲春街": "吉林市","广西柳州市融水县": "柳州市","广西玉林市北流市": "玉林市","广东省汕头市金平区": "汕头市","广东省惠州市惠阳区淡水镇": "惠州市","广东省湛江市徐闻县": "湛江市","广东省河源市连平县": "河源市","广东省汕尾市陆丰市": "汕尾市","广东省茂名市电白县": "茂名市","广东省韶关市乐昌市": "韶关市","广东省揭阳市揭西县": "揭阳市","广东省揭阳市榕城区": "揭阳市","广东省揭阳市惠来县": "揭阳市","广东省揭阳市流沙": "揭阳市","广东省湛江市霞山区": "湛江市","广东省云浮市新兴县": "云浮市","广东省梅州市五华县": "梅州市","江苏省徐州市邳州市": "徐州市","江苏省徐州市沛县": "徐州市","江苏省泰州市兴化市": "泰州市","江苏省南通市如东县": "南通市","江苏省宿迁市泗阳县": "宿迁市","江苏省宿迁市泗洪县": "宿迁市","江苏省宿迁市沭阳县": "宿迁市","陕西省渭南市潼关县": "渭南市","陕西省渭南市大荔县": "渭南市","陕西省渭南市华县": "渭南市","陕西省渭南市华阴市": "渭南市","陕西省渭南市临渭区": "渭南市","陕西省汉中市城固县": "汉中市","陕西省汉中市西乡县": "汉中市","陕西省汉中市南郑县": "汉中市","陕西省安康市旬阳县": "安康市","陕西省榆林市绥德县": "榆林市","陕西省宝鸡市陈仓区": "宝鸡市","陕西省宝鸡市岐山县": "宝鸡市","湖南省长沙市浏阳市": "长沙市","湖南省益阳市桃江县": "益阳市","浙江省温州市平阳县敖江镇": "温州市","浙江省温州市平阳县": "温州市","浙江省温州市平阳县水头镇": "温州市","浙江省湖州市长兴县": "湖州市","浙江省衢州市衢江区": "衢州市","浙江省丽水市青田县": "丽水市","浙江省宁波市镇海区": "宁波市","浙江省台州市三门县海游镇": "台州市","浙江省台州市玉环县城关镇": "台州市","浙江省台州市临海县": "台州市","浙江广播电视大学": "杭州市","浙江省台州市温岭市太平镇": "台州市","浙江省台州市温岭市泽国镇": "台州市","浙江省舟山市普陀区": "舟山市","浙江省丽水市莲都区": "丽水市","浙江省丽水市景宁县": "丽水市","浙江省金华市兰溪市": "金华市","福建省福州市晋安区": "福州市","福建省福州市福清市向高街": "福州市","福建省福州市罗源县": "福州市","福建省宁德市屏南县": "宁德市","福建省漳州市漳浦县": "漳州市","福建省三明市沙县": "三明市","江苏省盐城市滨海县": "盐城市","江苏省扬州市江都市": "扬州市","江苏省南通市通州市": "南通市","江苏省淮安市金湖县": "淮安市","江苏省镇江市京口区": "镇江市","江苏省南京市大厂区": "南京市","江苏省苏州市金阊区": "苏州市","江苏省南京市下关区": "南京市","江苏省南京市浦口区": "南京市","山东省东营市广饶县": "东营市","山东省菏泽市郓城县": "菏泽市","四川省成都市龙泉驿区": "成都市","四川省成都市金牛区": "成都市","四川省成都市青羊区": "成都市","四川省绵阳市江油市": "绵阳市","四川省绵阳市游仙区": "绵阳市","四川省内江市隆昌县": "内江市","四川省成都市都江堰市": "成都市","四川省绵阳市三台县": "绵阳市","四川省绵阳市梓潼县": "绵阳市","四川省绵阳市盐亭县": "绵阳市","成都信息工程学院": "成都市","四川省德阳市广汉市": "德阳市","四川省乐山市市中区": "乐山市","四川省乐山市井研县": "乐山市","四川省乐山市犍为县": "乐山市","四川省乐山市五通桥区": "乐山市","四川省攀枝花市仁和区": "攀枝花市","四川省自贡市荣县": "自贡市","四川省内江市威远县": "内江市","四川省南充市南部县": "南充市","四川省南充市嘉陵区": "南充市","四川省南充市顺庆区": "南充市","四川省乐山市峨眉山市": "乐山市","四川省雅安市雨城区": "雅安市","四川省雅安市荥经县": "雅安市","四川省广安市武胜县": "广安市","四川省广安市岳池县": "广安市","四川省广安市广安区": "广安市","四川省广安市邻水县": "广安市","四川省广安市华蓥市": "广安市","四川省甘孜州康定县": "甘孜藏族自治州","四川省阿坝州": "阿坝藏族羌族自治州","四川省德阳市绵竹市": "德阳市","黑龙江省哈尔滨市南岗区": "哈尔滨市","黑龙江省佳木斯市富锦": "佳木斯市","黑龙江省佳木斯市同江市": "佳木斯市","黑龙江省伊春市伊春区城市奇遇网苑": "伊春市","黑龙江省伊春市伊春区": "伊春市","黑龙江省大庆市八百垧": "大庆市","黑龙江省双鸭山市宝清县": "双鸭山市","黑龙江省哈尔滨市呼兰区": "哈尔滨市","黑龙江省佳木斯市桦南县": "佳木斯市","黑龙江省佳木斯市超越网吧": "佳木斯市","河南省周口市太康县": "周口市","河南省周口市项城市": "周口市","凯里": "黔东南苗族侗族自治州","贵州省毕节地区威宁县": "毕节地区","云南省德宏州瑞丽市": "德宏傣族景颇族自治州","江苏省淮安市涟水县": "淮安市","吉林省四平市双辽市": "四平市","吉林省白山市抚松县": "白山市","吉林省白山市(江源)": "白山市","吉林省白山市(松江河)": "白山市","重庆市云阳县": "重庆市","重庆市铜梁县": "重庆市","重庆市开县": "重庆市","重庆市璧山县": "重庆市","重庆市大足县": "重庆市","重庆市渝北工业园区": "重庆市","重庆市双桥区": "重庆市","重庆市丰都县": "重庆市","重庆市忠县": "重庆市","重庆市奉节县": "重庆市","重庆市巫溪县": "重庆市","山东省潍坊市青州市": "潍坊市","河南省洛阳市伊川县": "洛阳市","河南省信阳市新县": "信阳市","河南省洛阳市洛宁县": "洛阳市","河南省新乡市延津县": "新乡市","河南省新乡市红旗区": "新乡市","河南省新乡市原阳县": "新乡市","河南省郑州市新郑市": "郑州市","河南省新乡市辉县市": "新乡市","河南省新乡市封丘县": "新乡市","河南省周口市淮阳县": "周口市","河南省周口市鹿邑县": "周口市","河南省平顶山市舞钢市": "平顶山市","河南省平顶山市郏县": "平顶山市","上海市徐家汇": "上海市","云南省玉溪市华宁县": "玉溪市","云南省玉溪市江川县": "玉溪市","云南省楚雄州楚雄市": "楚雄彝族自治州","云南省怒江州": "怒江傈僳族自治州","云南省怒江州兰坪县": "怒江傈僳族自治州","云南省怒江市兰坪县": "怒江傈僳族自治州","云南省昭通市盐津县": "昭通市","云南省昭通市巧家县": "昭通市","云南省昭通市鲁甸县": "昭通市","云南省红河州石屏县": "红河哈尼族彝族自治州","云南省普洱市": "普洱市","云南省文山州文山市": "文山壮族苗族自治州","云南省文山州麻栗坡县": "文山壮族苗族自治州","云南省文山州富宁县": "文山壮族苗族自治州","云南省德宏州": "德宏傣族景颇族自治州","云南省保山市": "保山市","云南省曲靖市罗平县": "曲靖市","云南省曲靖市会泽县": "曲靖市","云南省曲靖市沾益县": "曲靖市","云南省迪庆州香格里拉县": "迪庆藏族自治州","云南省迪庆州": "迪庆藏族自治州","黑龙江省佳木斯市汤原县": "佳木斯市","黑龙江省佳木斯市桦川县": "佳木斯市","黑龙江省伊春市嘉荫县精英网吧": "伊春市","黑龙江省双鸭山市尖山区": "双鸭山市","黑龙江省伊春市南岔区": "伊春市","黑龙江省绥化市庆安县": "绥化市","黑龙江省七台河市桃山区": "七台河市","河南省郑州市登封市": "郑州市","浙江省绍兴市越城区": "绍兴市","浙江省绍兴市嵊州城关": "绍兴市","浙江省绍兴市新昌县": "绍兴市","浙江省温州市乐清县": "温州市","浙江省温州市平阳县龙港镇": "温州市","浙江省温州市平阳县熬江镇": "温州市","江苏省苏州市平江区": "苏州市","江苏省徐州市丰县": "徐州市","甘肃省兰州市榆中县": "兰州市","甘肃省兰州城关区": "兰州市","甘肃省兰州市西固区": "兰州市","甘肃省兰州市红古区": "兰州市","甘肃省兰州市永登县": "兰州市","甘肃省兰州市皋兰县": "兰州市","兰州大学榆中校区": "兰州市","兰州大学": "兰州市","甘肃省兰州市西关区": "兰州市","甘肃省天水市麦积区": "天水市","甘肃省白银市白银区": "白银市","甘肃省白银市景泰县": "白银市","甘肃省天水市清水县": "天水市","甘肃省天水市武山县": "天水市","甘肃省天水市张家川县": "天水市","甘肃省白银市白银区白银区": "白银市","甘肃省酒泉市肃州区": "酒泉市","甘肃省张掖市临泽县": "张掖市","甘肃省张掖市高台县": "张掖市","甘肃省张掖市甘州区": "张掖市","甘肃省平凉市华亭县": "平凉市","甘肃省武威市古浪县": "武威市","甘肃省武威市民勤县": "武威市","甘肃省临夏州康乐县": "临夏回族自治州","甘肃省甘南州舟曲县": "甘南藏族自治州","甘肃省甘南州": "甘南藏族自治州","山东省烟台市牟平区": "烟台市","山东省烟台市芝罘区": "烟台市","山东省青岛市市北区": "青岛市","山东省日照市石臼": "日照市","山东省济宁市曲阜市": "济宁市","山东省潍坊市寿光市": "潍坊市","江西省吉安市泰和县": "吉安市","江西省上饶市玉山县": "上饶市","江西省上饶市上饶县": "上饶市","江西省上饶市婺源县": "上饶市","江西省上饶市鄱阳县": "上饶市","江西省抚州市宜黄县": "抚州市","江西省抚州市广昌县": "抚州市","江西省抚州市南城县": "抚州市","江西省萍乡市上栗县": "萍乡市","江西省赣州市南康市": "赣州市","江西省赣州市赣县": "赣州市","江西省赣州市瑞金市": "赣州市","江西省赣州市安远县": "赣州市","江西省赣州市于都县": "赣州市","江西省九江市永修县": "九江市","黑龙江省牡丹江市东宁县": "牡丹江市","黑龙江省牡丹江市穆棱市": "牡丹江市","黑龙江省牡丹江市海林市": "牡丹江市","黑龙江省牡丹江市宁安市": "牡丹江市","黑龙江省牡丹江市林口县": "牡丹江市","黑龙江省黑河市嫩江县": "黑河市","黑龙江省哈尔滨市道外区": "哈尔滨市","黑龙江省伊春市伊春区今日有约网吧": "伊春市","黑龙江省齐齐哈尔市甘南县": "齐齐哈尔市","黑龙江省齐齐哈尔市碾子山区": "齐齐哈尔市","黑龙江省佳木斯市建三江": "佳木斯市","黑龙江省佳木斯市富锦市": "佳木斯市","佳木斯大学": "佳木斯市","黑龙江省鹤岗市宝泉岭": "鹤岗市","黑龙江省哈尔滨市平房区": "哈尔滨市","河北省沧州市泊头市": "沧州市","河北省张家口市明德北": "张家口市","河北省石家庄市井陉县": "石家庄市","长江大学": "荆州市","湖北省十堰市张湾区": "十堰市","湖北省十堰市茅箭区": "十堰市","湖北省襄阳市谷城县": "襄阳市","湖北省黄石市铁山区": "黄石市","湖北大学": "武汉市","湖北省荆州市洪湖市新堤": "荆州市","湖北省荆州市松滋市": "荆州市","湖北省荆州市松滋市新江口": "荆州市","湖北省宜昌市宜都市": "宜昌市","湖北省宜昌市枝江市": "宜昌市","湖北省宜昌市当阳市": "宜昌市","湖北省十堰市郧县": "十堰市","湖北省十堰市丹江口市郧阳师专": "十堰市","湖北省十堰市房县": "十堰市","湖北省十堰市竹山县": "十堰市","湖北省黄冈市红安县": "黄冈市","湖北省荆门市沙洋县": "荆门市","湖北省荆门市掇刀区": "荆门市","湖北省随州市广水市": "随州市","陕西省延安市洛川县": "延安市","陕西省延安市富县": "延安市","陕西省延安市志丹县": "延安市","陕西省延安市宝塔区": "延安市","陕西省咸阳市兴平市": "咸阳市","陕西省咸阳市三原县": "咸阳市","陕西省西安市三原县": "西安市","陕西省咸阳市武功县": "咸阳市","陕西省咸阳市乾县": "咸阳市","陕西省宝鸡市扶风县": "宝鸡市","陕西省宝鸡市太白县": "宝鸡市","陕西省渭南市合阳县": "渭南市","陕西省渭南市蒲城县": "渭南市","陕西省渭南市澄城县": "渭南市","陕西省汉中市略阳县": "汉中市","陕西省汉中市镇巴县": "汉中市","陕西省铜川市耀州区": "铜川市","陕西省铜川市宜君县": "铜川市","陕西省安康市平利县": "安康市","陕西省商洛市商南县": "商洛市","陕西省商洛市商州区": "商洛市","陕西省商洛市山阳县": "商洛市","陕西省西安市蓝田县": "西安市","陕西省西安市户县": "西安市","陕西省西安市临潼区": "西安市","西安科技大学": "西安市","西安外事学院": "泰州市","陕西省西安市西影路": "西安市","西安思源学院": "西安市","海南省东方市/五指山市电信": "海南省","湖南省益阳市南县": "益阳市","湖南省怀化市鹤城区": "怀化市","湖南省怀化市麻阳县": "怀化市","湖南省怀化市辰溪县": "怀化市","湖南省长沙市宁乡县": "长沙市","长沙交通学院": "长沙市","湖南省长沙市雨花区": "长沙市","长沙理工大学": "长沙市","湖南商学院": "长沙市","重庆市杨家坪": "重庆市","重庆工学院": "重庆市","重庆九龙坡区": "重庆市","重庆市九龙破区": "重庆市","湖南省长沙理工大学": "长沙市","湖南农业大学": "长沙市","湖南省衡阳市石鼓区": "衡阳市","湖南省衡阳市祁东县": "衡阳市","湖南省衡阳市珠珲区": "衡阳市","湖南省郴州市永兴县": "郴州市","湖南省郴州市北湖区": "郴州市","湖南省郴州市苏仙区": "郴州市","湖南省郴州市资兴市": "郴州市","湖南省郴州市宜章县": "郴州市","湖南省郴州市嘉禾县": "郴州市","湖南省娄底市娄星区": "娄底市","湖南省张家界市慈利县": "张家界市","湖南省郴州市资兴市鲤鱼江": "郴州市","四川省自贡市永安镇": "自贡市","四川省南充市阆中市": "南充市","四川省南充市营山县": "南充市","四川省攀枝花市米易县": "攀枝花市","四川省宜宾市高县": "宜宾市","四川省宜宾市江安县": "宜宾市","四川省宜宾市屏山县": "宜宾市","四川省泸州市泸县": "泸州市","四川省泸州市合江县": "泸州市","四川省南充市西充县": "南充市","四川省南充市仪陇县": "南充市","四川省南充市蓬安县": "南充市","四川省南充市高坪区": "南充市","四川省内江市东兴区": "内江市","辽宁省沈阳市于洪区": "沈阳市","贵州工业大学": "贵州省","贵州省贵阳市小河经济开发区": "贵阳市","贵州省遵义市遵义县": "遵义市","贵州省遵义市赤水市": "遵义市","贵州省安顺市平坝县": "安顺市","贵州省铜仁地区印江县世纪网吧": "铜仁地区","贵州省铜仁市石阡县": "铜仁地区","贵州省毕节市纳雍县": "毕节地区","贵州省毕节市黔西县": "毕节地区","贵州省毕节市金沙县": "毕节地区","贵州省黔西南州贞丰县": "黔西南布依族苗族自治州","安徽省合肥市包河区": "合肥市","安徽农业大学": "合肥市","安徽省芜湖市新芜区": "芜湖市","安徽省芜湖市芜湖县": "芜湖市","安徽省黄山市屯溪区": "黄山市","安徽大学": "合肥市","安徽省黄山市休宁县": "黄山市","安徽省六安市霍邱县": "六安市","安徽省宿州市泗县": "宿州市","安徽省亳州市涡阳县": "亳州市","安徽省滁州市全椒县": "滁州市","安徽省芜湖市南陵县": "芜湖市","安徽省安庆市潜山县": "安庆市","辽宁省大连市普兰店": "大连市","吉林省白山市(临江)": "白山市","河南省南阳市师院": "南阳市","山东省济宁市嘉祥县": "济宁市","山东省枣庄市市中区": "枣庄市","新疆昌吉州": "昌吉回族自治州","新疆博尔塔拉州博乐市": "博尔塔拉蒙古自治州","新疆喀什地区": "喀什地区","新疆哈密地区": "哈密地区","广西南宁市火炬路": "南宁市","新疆博尔塔拉州精河县": "博尔塔拉蒙古自治州","湖南省岳阳市汨罗市": "岳阳市","湖南省邵阳市邵东县": "邵阳市","湖南省株洲市天元区": "株洲市","湖南省怀化市靖州县": "怀化市","湖南省湘西州吉首市峒河": "湘西土家族苗族自治州","吉林省四平市铁西区": "四平市","吉林省长春市宽城区": "长春市","吉林省四平市梨树县": "四平市","广西南宁市秀灵路": "南宁市","黑龙江省牡丹江市绥芬河市": "牡丹江市","黑龙江省齐齐哈尔市铁东区": "齐齐哈尔市","四川省成都市新津县": "成都市","吉林省长春市南关区": "长春市","新疆乌鲁木齐": "乌鲁木齐市","山西省吕梁市文水县": "吕梁市","山西省吕梁市交城县": "吕梁市","山东省泰安市肥城市": "泰安市","山东省日照市莒县": "日照市","内蒙古巴彦淖尔市五原县": "巴彦淖尔市","广西南宁市邕宁区": "南宁市","广西南宁市横县": "南宁市","安徽省合肥市庐江县": "合肥市","安徽省芜湖市无为县": "芜湖市","甘肃省庆阳市华池县": "庆阳市","湖南省怀化市中方县": "怀化市","湖南省永州市新田县": "永州市","湖南省永州市蓝山县": "永州市","江西省抚州市崇仁县": "抚州市","江西省吉安市永丰县": "吉安市","湖北省天门市皂市镇": "湖北省","河南省周口市郸城县": "周口市","河南省濮阳市濮阳县": "濮阳市","贵州省黔南州独山县": "黔南布依族苗族自治州","宁夏石嘴山市": "石嘴山市","宁夏石嘴山市平罗县": "石嘴山市","吉林省长春市榆树市": "长春市","吉林省吉林市舒兰市": "吉林市","吉林省吉林市光华路": "吉林市","吉林省通化市柳河县": "通化市","吉林省通化市二道江": "通化市","吉林省白城市大安市": "白城市","吉林省白山市(露水河)": "白山市","吉林省白山市松江河地区": "白山市","特克斯和凯科斯群岛": "伊犁哈萨克自治州","巴西": "阿坝藏族羌族自治州","河南": "河南省","河北省衡水市饶阳县": "衡水市","河北省衡水市武邑县": "衡水市","河北省任丘市": "沧州市","河北省石家庄市藁城市": "石家庄市","内蒙古巴彦淖尔市乌拉特前旗": "巴彦淖尔市","内蒙古乌兰察布市凉城县": "乌兰察布市","湖南省长沙市天心区": "长沙市","福建省三明市大田县": "三明市","吉林省吉林市蛟河市": "吉林市","新疆伊犁州尼勒克县": "伊犁哈萨克自治州","新疆哈密地区哈密市": "哈密地区","新疆喀什地区喀什市": "喀什地区","新疆阿克苏地区沙雅县": "阿克苏地区","新疆阿勒泰地区": "阿勒泰地区","新疆塔城地区塔城市": "塔城地区","青海省西宁市城中区": "西宁市","四川省成都市锦江区": "成都市","四川省成都市彭州市": "成都市","四川省成都市温江区": "成都市","四川省成都市新都区": "成都市","四川省达州市大竹县": "达州市","云南省楚雄州": "楚雄彝族自治州","河北省石家庄市栾城县": "石家庄市","河北省承德市双桥区": "承德市","河北省邢台市沙河市": "邢台市","河北省邢台市隆尧县": "邢台市","河北省衡水市故城县": "衡水市","河北省邯郸市武安市": "邯郸市","河北省唐山市丰南区": "唐山市","河北省廊坊市香河县": "廊坊市","河北省沧州市献县": "沧州市","四川省成都市大邑县": "成都市","河北省衡水市阜城县": "衡水市","江西省吉安市遂川县": "吉安市","江苏省盐城市阜宁县": "盐城市","江西省抚州市东乡县": "抚州市","江西省赣州市大余县": "赣州市","江西省赣州市寻乌县": "赣州市","贵州省毕节地区纳雍县": "毕节地区","贵州省遵义市桐梓县": "遵义市","宁夏石嘴山市大武口区": "石嘴山市","贵州省黔南州贵定县": "黔南布依族苗族自治州","贵州省黔南州荔波县": "黔南布依族苗族自治州","贵州省黔南州龙里县": "黔南布依族苗族自治州","贵州省黔东南州施秉县": "黔东南苗族侗族自治州","贵州省黔东南州岑巩县": "黔东南苗族侗族自治州","贵州省黔东南州黎平县": "黔东南苗族侗族自治州","贵州省黔东南州榕江县": "黔东南苗族侗族自治州","贵州省黔西南州普安县": "黔西南布依族苗族自治州","贵州省黔西南州晴隆县": "黔西南布依族苗族自治州","贵州省铜仁地区松桃县": "铜仁地区","贵州省黔东南州丹寨县": "黔东南苗族侗族自治州","贵州省遵义市凤冈县": "遵义市","贵州省毕节地区织金县": "毕节地区","贵州省毕节地区黔西县": "毕节地区","贵州省毕节地区大方县": "毕节地区","内蒙古包头市昆都仑区": "包头市","河北省邯郸市丛台区": "邯郸市","河北省沧州市黄骅市": "沧州市","江苏省连云港市灌云县": "连云港市","福建省厦门市翔安区": "厦门市","江苏省宿迁市宿城区": "宿迁市","广东省珠海市金湾区": "珠海市","云南省昆明市呈员县": "昆明市","云南省昆明市呈贡县": "昆明市","云南省德宏州潞西市": "德宏傣族景颇族自治州","云南省保山市腾冲县": "保山市","云南省楚雄州禄丰县": "楚雄彝族自治州","云南省西双版纳州景洪市": "西双版纳傣族自治州","云南省大理州宾川县": "大理白族自治州","安徽省马鞍山市雨山区": "马鞍山市","四川省凉山州盐源县": "凉山彝族自治州","四川省成都市武侯区": "成都市","四川省资阳市简阳市": "资阳市","山东省青岛市胶州市": "青岛市","山东省临沂市平邑县": "临沂市","山东省烟台市蓬莱市": "烟台市","山东省菏泽市定陶县": "菏泽市","山东省聊城市东阿县": "聊城市","山东省德州市陵县": "德州市","山东省威海市环翠区": "威海市","山东省日照市五莲县": "日照市","黑龙江省伊春市五营区": "伊春市","黑龙江省双鸭山市饶河县": "双鸭山市","黑龙江省齐齐哈尔市拜泉县": "齐齐哈尔市","黑龙江省齐齐哈尔市泰来县": "齐齐哈尔市","广西南宁市青秀区": "南宁市","广西南宁市西乡塘区": "南宁市","广西崇左市龙州县": "崇左市","广西来宾市象州县": "来宾市","广西河池市都安县": "河池市","山西省吕梁市岚县": "吕梁市","山西省晋城市高平市": "晋城市","广东省梅州市梅江区": "梅州市","广东省云浮市云安县": "云浮市","山东省泰安市东平县": "泰安市","山东省德州市武城县": "德州市","陕西省榆林市榆阳区": "榆林市","陕西省西安市未央区": "西安市","陕西省咸阳市彬县": "咸阳市","江西省上饶市余干县": "上饶市","湖南省长沙市开福区": "长沙市","湖南省永州市冷水滩区": "永州市","湖南省永州市宁远县": "永州市","台湾省新竹市": "台湾省","上海市黄埔区": "上海市","安徽省合肥市肥东县": "合肥市","安徽省马鞍山市和县": "马鞍山市","安徽省巢湖市": "安徽省","吉林省吉林市船营区": "吉林市","贵州省黔南州福泉市": "黔南布依族苗族自治州","贵州省黔南州三都县": "黔南布依族苗族自治州","贵州省黔西南": "黔西南布依族苗族自治州","贵州省黔南州罗甸县": "黔南布依族苗族自治州","贵州省铜仁地区德江县": "铜仁地区","贵州省黔南州惠水县": "黔南布依族苗族自治州","山东省泰安市泰山区": "泰安市","河南省商丘市夏邑县": "商丘市","河南省三门峡市湖滨区": "三门峡市","河南省三门峡市陕县": "三门峡市","河南省焦作市沁阳市": "焦作市","河南省许昌市长葛市": "许昌市","河南省平顶山市叶县": "平顶山市","河南省郑州市新密市": "郑州市","河南省郑州市金水区": "郑州市","江西省赣州市兴国县": "赣州市","新疆伊犁市": "伊犁哈萨克自治州","浙江省杭州市建德市": "杭州市","浙江省丽水市遂昌县": "丽水市","浙江省宁波鄞州区古林镇冲浪者网吧有限责任公司": "宁波市","浙江省绍兴市上虞市": "绍兴市","广西桂林市七星区": "桂林市","广西桂林市象山区": "桂林市","辽宁省大连市长海县": "大连市","广西梧州市苍梧县": "梧州市","广西钦州市钦北区": "钦州市","广西百色市田东县": "百色市","广西玉林市玉州区": "玉林市","广西玉林市兴业县": "玉林市","广东省广州市黄浦区": "广州市","广东省韶关市仁化县": "韶关市","云南省昆明市宜良县": "昆明市","云南省昆明市石林县": "昆明市","云南省昆明市官度区": "昆明市","云南省昆明市白云区": "昆明市","云南省昆明市寻甸县": "昆明市","云南省昆明市晋宁县": "昆明市","云南省昆明市富民县": "昆明市","云南省红河州红河县": "红河哈尼族彝族自治州","云南省红河州元阳县": "红河哈尼族彝族自治州","云南省红河州泸西县": "红河哈尼族彝族自治州","云南省大理州大理市宾川县": "大理白族自治州","云南省昆明市安宁市": "昆明市","云南省楚雄州元谋县": "楚雄彝族自治州","云南省楚雄州武定县": "楚雄彝族自治州","云南省丽江市永胜县": "丽江市","内蒙古鄂尔多斯市杭锦旗": "鄂尔多斯市","内蒙古呼和浩特市新城区": "呼和浩特市","湖北省随州市曾都区": "随州市","云南省文山州文山县": "文山壮族苗族自治州","云南省迪庆州维西县": "迪庆藏族自治州","广西柳州市三江县": "柳州市","天津市汉沽区": "天津市","天津市滨海区": "天津市","陕西省西安市高陵县": "西安市","福建省莆田市秀屿区": "莆田市","陕西省榆林市府谷县": "榆林市","陕西省西安市新城区": "西安市","陕西省西安市灞桥区": "西安市","江西省南昌市湾里区": "南昌市","江西省南昌市西湖区": "南昌市","江西省赣州市宁都县": "赣州市","江西省上饶市广丰县": "上饶市","江西省九江市浔阳区": "九江市","江西省九江市庐山区": "九江市","江西省萍乡市安源区": "萍乡市","江西省宜春市高安市": "宜春市","苏州市": "苏州市","江苏省盐城市亭湖区": "盐城市","中国移动": "中国","山西省晋城市阳城县": "晋城市","山西省晋城市陵川县": "晋城市","山西省运城市芮城县": "运城市","山西省忻州市河曲县": "忻州市","四川省成都市郫县": "成都市","四川省成都市陴县": "成都市","四川省达州市万源市": "达州市","四川省雅安市汉源县": "雅安市","四川省凉山州雷波县": "凉山彝族自治州","四川省凉山州德昌县": "凉山彝族自治州","四川省凉山州昭觉县": "凉山彝族自治州","四川省凉山市昭觉县": "凉山彝族自治州","四川省凉山州美姑县": "凉山彝族自治州","四川省凉山州金阳县": "凉山彝族自治州","四川省达州市开江县": "达州市","四川省泸州市江阳区": "泸州市","四川省眉山市东坡区": "眉山市","四川省成都市成华区": "成都市","四川省巴中市通江县": "巴中市","四川省甘孜州稻城县": "甘孜藏族自治州","四川省甘孜州": "甘孜藏族自治州","四川省甘孜州泸定县": "甘孜藏族自治州","四川省凉山市": "凉山彝族自治州","四川省广元市利州区": "广元市","青海省西宁市大通县": "西宁市","青海省果洛州": "果洛藏族自治州","青海省西宁市湟中县": "西宁市","青海省西宁市城西区": "西宁市","青海省西宁市湟源县": "西宁市","湖南省怀化市沅陵县": "怀化市","贵州省黔西南州册亨县": "黔西南布依族苗族自治州","贵州省黔西南州望谟县": "黔西南布依族苗族自治州","贵州省黔西南州安龙县": "黔西南布依族苗族自治州","贵州省安顺市普定县": "安顺市","贵州省铜仁地区印江县": "铜仁地区","贵州省铜仁地区印县县": "铜仁地区","贵州省铜仁地区玉屏县": "铜仁地区","贵州省铜仁地区沿河县": "铜仁地区","四川省阿坝州马尔康县": "阿坝藏族羌族自治州","吉林省长春市朝阳区": "长春市","吉林省延边州图们市": "延边朝鲜族自治州","吉林省白城市洮南市": "白城市","吉林省通化市辉南县": "通化市","吉林省白城市通榆县": "白城市","宁夏石嘴山市惠农区": "石嘴山市","宁夏吴忠市利通区": "吴忠市","宁夏固原市泾源县": "固原市","重庆市高新区": "","湖北省恩施州恩施市": "恩施土家族苗族自治州","辽宁省葫芦岛市连山区": "葫芦岛市","广东省江门市恩平市": "江门市","广东省清远市清新县": "清远市","广东省汕尾市城区": "汕尾市","山东省青岛市莱西市": "青岛市","山东省青岛市胶南市": "青岛市","山东省临沂市河东区": "临沂市","山东省菏泽市曹县": "菏泽市","山东省烟台市莱州市": "烟台市","山东省聊城市高唐县": "聊城市","河北省保定市蠡县": "保定市","河北省保定市安国市": "保定市","河北省廊坊市永清县": "廊坊市","河北省石家庄市高邑县": "石家庄市","河北省邯郸市肥乡县": "邯郸市","河北省邯郸市广平县": "邯郸市","河北省沧州市青县": "沧州市","河北省衡水市安平县": "衡水市","河北省衡水市枣强县": "衡水市","河北省衡水市冀州市": "衡水市","福建省龙岩市连城县": "龙岩市","福建省福州市仓山区": "福州市","福建省厦门市海沧区": "厦门市","新疆伊犁州巩留县": "伊犁哈萨克自治州","新疆伊犁州特克斯县": "伊犁哈萨克自治州","新疆喀什地区叶城县": "喀什地区","新疆和田地区皮山县": "和田地区","新疆阿克苏地区库车县": "阿克苏地区","新疆北屯市": "阿勒泰地区","新疆昌吉州昌吉市": "昌吉回族自治州","新疆吐鲁番地区": "吐鲁番地区","新疆吐鲁番地区吐鲁番市": "吐鲁番地区","广东省清远市阳山县": "清远市","广东省广州市电信": "广州市","广东省肇庆市高要市": "肇庆市","广东省肇庆市开封县": "肇庆市","广东省东莞市东城区": "东莞市","广东省东莞市万江区": "东莞市","广东省惠州市惠阳县": "惠州市","河北省保定市定兴县": "保定市","河北省保定市顺平县": "保定市","河北省秦皇岛市北戴河区": "秦皇岛市","河北省秦皇岛市昌黎县": "秦皇岛市","河北省秦皇岛市青龙县": "秦皇岛市","河北省廊坊市安次区": "廊坊市","河北省廊坊市安茨区": "廊坊市","河北省承德市滦平县": "承德市","河北省承德市丰宁县": "承德市","河北省承德市鹰手营子矿区": "承德市","河北省承德市承德县": "承德市","河北省承德市平泉县": "承德市","河北省承德市兴隆县": "承德市","河北省石家庄市新华区": "石家庄市","河北省石家庄市桥西区": "石家庄市","广西百色市平果县": "百色市","广西北海市海城区": "北海市","广东省深圳市松岗区": "深圳市","湖北省宜昌市远安县": "宜昌市","同济大学": "上海市","上海财经大学": "上海市","北京": "北京市","福建省泉州市丰泽区": "泉州市","福建省漳州市平和县": "漳州市","宁夏中卫市中宁县": "中卫市","吉林省通化市通化县": "通化市","吉林省吉林市永吉县": "吉林市","吉林省吉林市磐石市": "吉林市","吉林省白山市八道江区": "白山市","江苏省扬州市江都区": "扬州市","浙江省嘉兴市秀洲区": "嘉兴市","浙江省嘉兴市南湖区": "嘉兴市","浙江省湖州市吴兴区": "湖州市","浙江省舟山市岱山县": "舟山市","河南省平顶山市鲁山县": "平顶山市","河南省周口市商水县": "周口市","河南省漯河市郾城区": "漯河市","河南省南阳市邓州市": "南阳市","河南省郑州市巩义市": "郑州市","河南省郑州市惠济区": "郑州市","河南省南阳市唐河县": "南阳市","河南省南阳市新野县": "南阳市","河南省焦作市孟州市": "焦作市","河南省驻马店市泌阳县": "驻马店市","河南省新乡市牧野区": "新乡市","新疆博尔塔拉蒙古自治州": "博尔塔拉蒙古自治州","湖北省襄樊市": "湖北省","山东省东营市河口区": "东营市","山东省东营市东营区": "东营市","山东省潍坊市昌邑市": "潍坊市","重庆市石桥铺区": "重庆市","河南省郑州市中原区": "郑州市","河南省许昌市许昌县": "许昌市","山西省吕梁市汾阳市": "吕梁市","河北省石家庄市元氏县": "石家庄市","内蒙古鄂尔多斯市乌审旗": "鄂尔多斯市","陕西省咸阳市泾阳县": "咸阳市","陕西省榆林市子洲县": "榆林市","陕西省宝鸡市眉县": "宝鸡市","新疆乌鲁木齐市沙依巴克区": "乌鲁木齐市","新疆喀什地区莎车县": "喀什地区","新疆喀什地区伽师县": "喀什地区","新疆和田地区和田市": "和田地区","新疆和田地区于田县": "和田地区","新疆和田地区洛浦县": "和田地区","新疆五家渠市": "新疆维吾尔自治区","新疆昌吉州玛纳斯县": "昌吉回族自治州","新疆塔城地区沙湾县": "塔城地区","新疆克拉玛依市独山子区": "克拉玛依市","山东省青岛市胶南区": "青岛市","山东省泰安市岱岳区": "泰安市","四川省达州市宣汉县": "达州市","四川省资阳市安岳县": "资阳市","四川省达州市通川区": "达州市","重庆市逾中区": "重庆市","山西省忻州市宁武县": "忻州市","山西省忻州市代县": "忻州市","山西省晋城市泽州县": "晋城市","山西省吕梁市方山县": "吕梁市","山西省朔州市怀仁县": "朔州市","山西省朔州市山阴县": "朔州市","北京市朝阳区红巴网络": "北京市","北京市海淀区金佳城上网服务有限公司": "北京市","广西玉林市陆川县": "玉林市","广西玉林市博白县": "玉林市","广西南宁市良庆区": "南宁市","湖南省衡阳市衡阳县": "衡阳市","湖南省衡阳市衡东县": "衡阳市","湖南省邵阳市绥宁县": "邵阳市","湖南省邵阳市隆回县": "邵阳市","河北省沧州市盐山县": "沧州市","河北省张家口市下花园区": "张家口市","河南省驻马店市汝南县": "驻马店市","河南省驻马店市遂平县": "驻马店市","河南省平顶山市宝丰县": "平顶山市","河南省南阳市西峡县": "南阳市","河南省南阳市镇平县": "南阳市","河南省南阳市社旗县": "南阳市","河南省焦作市武陟县": "焦作市","四川省德阳市绵竹县": "德阳市","四川省德阳市中江县": "德阳市","四川省德阳市罗江县": "德阳市","四川省德阳市旌阳区": "德阳市","四川省宜宾市珙县": "宜宾市","四川省宜宾市宜宾县": "宜宾市","四川省绵阳市安县": "绵阳市","四川省泸州市叙永县": "泸州市","四川省眉山市丹棱县": "眉山市","四川省自贡市大安区": "自贡市","四川省自贡市仲权镇": "自贡市","四川省自贡市牛佛镇": "自贡市","四川省自贡市双石镇": "自贡市","四川省自贡市龙潭镇": "自贡市","四川省自贡市成佳镇": "自贡市","四川省遂宁市船山区": "遂宁市","四川省阿坝州阿坝县": "阿坝藏族羌族自治州","四川省阿坝州茂县": "阿坝藏族羌族自治州","四川省凉山州冕宁县": "凉山彝族自治州","四川省乐山市沐川县": "乐山市","四川省巴中市巴州区": "巴中市","四川省成都市温江": "成都市","四川省成都市武候区": "成都市","四川省成都市金堂县": "成都市","四川省成都市崇州市": "成都市","青海省西宁市城东区": "西宁市","青海省西宁市城北区": "西宁市","青海省海南州同德县": "海南藏族自治州","青海省玉树州": "玉树藏族自治州","青海省玉树州囊谦县": "玉树藏族自治州","青海省海北州海晏县": "海北藏族自治州","青海省果洛州玛沁县": "果洛藏族自治州","青海省海西州都兰县": "海西蒙古族藏族自治州","青海省海西州天峻县": "海西蒙古族藏族自治州","青海省黄南州河南县": "黄南藏族自治州","青海省黄南州尖扎县": "黄南藏族自治州","广西桂林市雁山区": "桂林市","甘肃省平凉市庄浪县": "平凉市","福建省厦门市同安区": "厦门市","重庆市万洲区": "重庆市","重庆省江津区": "重庆市","重庆市彭水县": "重庆市","重庆市綦江区": "重庆市","重庆市南平区": "重庆市","广东省清远市连州市": "清远市","广东省东莞市莞城区": "东莞市","广州省广州市": "广州市","黑龙江省哈尔滨市阿城区": "哈尔滨市","广东省广州市开发区": "广州市","广东省广州市华南师范大学大学城校区": "广州市","台湾": "台湾省","台湾大学": "台湾省","北京理工大学": "北京市","北京大学": "北京市","北京大学万柳学区": "北京市","清华大学学生宿舍": "成都市","萨尔瓦多": "广州市","广西柳州市柳北区": "柳州市","湖南省怀化市溆浦县": "怀化市","吉林省长春市农安县": "长春市","福建省宁德市蕉城区": "宁德市","华东理工大学": "上海市","云南省西双版纳地区": "西双版纳傣族自治州","广西崇左市大新县": "崇左市","广西百色市凌云县": "百色市","山东省烟台市福山区": "烟台市","山东省德州市宁津县": "德州市","山东省菏泽市东明县": "菏泽市","山东省菏泽市牡丹区": "菏泽市","广西柳州市鱼峰区": "柳州市","江西省九江市彭泽县": "九江市","四川省绵阳市北川县": "绵阳市","四川省泸州市龙马潭区": "泸州市","云南省丽江市玉龙县": "丽江市","云南省玉溪市元江县": "玉溪市","广东省梅州市蕉岭县": "梅州市","广东省梅州市兴宁市": "梅州市","广东省梅州市丰顺县": "梅州市","广东省肇庆市德庆县": "肇庆市","广东省梅州市大埔县": "梅州市","广东省汕头市澄海区": "汕头市","广东省韶关市始兴县": "韶关市","广东省潮州市饶平县": "潮州市","广东省揭阳市揭东县": "揭阳市","安徽省安庆市桐城市": "安庆市","安徽省阜阳市颍州区": "阜阳市","安徽省六安市金寨县": "六安市","香港特别行政区": "香港特别行政区","多米尼克": "温州市","北京化工大学": "北京市","北京化工大学东区学生宿舍": "北京市","北京市中国教育网": "北京市","华南理工大学": "广州市","中国农业科学院": "北京市","中国电信": "中国","吉林省吉林市二道江": "吉林市","云南省昭通市彝良县": "昭通市","四川大学": "成都市","西藏山南地区洛扎县": "山南地区","西藏日喀则地区日喀则市": "日喀则地区","西藏昌都地区": "昌都地区","西藏林芝地区": "林芝地区","西藏林芝地区工布江达县": "林芝地区","西藏那曲地区": "那曲地区","西藏山南地区错那县": "山南地区","西藏山南地区加查县": "山南地区","西藏山南地区贡嘎县": "山南地区","西藏山南地区乃东县": "山南地区","西藏阿里地区": "阿里地区","西藏那曲地区安多县": "那曲地区","西藏那曲地区比如县": "那曲地区","西藏那曲地区巴青县": "那曲地区","河北省保定市徐水县": "保定市","山西省运城市万荣县": "运城市","内蒙古农业大学": "","海南省海口市美兰区": "海口市","福建省三明市清流县": "三明市","东华理工大学": "南昌市","湖北省鄂州市鄂城区": "鄂州市","湖北省孝感市孝南区": "孝感市","广西北海市合浦县": "北海市","广西贵港市桂平市": "贵港市","广西贵港市平南县": "贵港市","广西梧州市钱鉴路": "梧州市","广西梧州市阜民路": "梧州市","广西桂林市龙胜县": "桂林市","广西梧州市蒙山县": "梧州市","广西梧州市藤县太平镇": "梧州市","广西梧州市藤县": "梧州市","广东省广州市增城区": "广州市","IBM中国公司": "中国","上海市电力学院": "上海市","江西省九江市德安县": "九江市","江西省吉安市井冈山市": "吉安市","江西省宜春市万载县": "宜春市","福建省三明市三元区": "三明市","辽宁省朝阳市凌源市": "朝阳市","河南省南阳市卧龙区": "南阳市","湖北第二师范学院": "武汉市","山东省日照市希望": "日照市","吉林省长春市净月开发区": "长春市","吉林省长春市绿园区": "长春市","北京市中国教育和科研计算机网": "北京市","北京师范大学": "北京市","中国农业大学": "北京市","中国农业大学西区员工绿苑": "北京市","北京大学医学部": "北京市","北京印刷学院": "北京市","南开大学": "天津市","武汉大学": "武汉市","西华大学": "成都市","西华大学计算中心2机房": "成都市","中山大学": "广州市","华南农业大学": "广州市","西安交通大学": "西安市","西安交通大学东区图书馆二楼的树华电子阅览室": "西安市","大连理工大学": "大连市","大连理工大学西山生活区": "大连市","哈尔滨工程大学": "哈尔滨市","哈尔滨理工大学": "哈尔滨市","东北林业大学": "哈尔滨市","东南大学": "无锡市","南京大学鼓楼校区": "南京市","南京大学": "南京市","上海交通大学闵行校区图书馆本科生阅览室蓝牌": "上海市","上海交通大学闵行校区图书馆本科生阅览室红牌": "上海市","上海大学": "上海市","上海交通大学上海第二医学院": "上海市","东华大学": "上海市","上海师范大学": "上海市","上海市教育考试院": "上海市","上海交通大学七宝校区": "上海市","北京市东城区朝内南小街379号明络网吧": "北京市","北京市东城区万通斯瑞(网苑)网吧": "北京市","雅虎中国": "北京市","雅虎中国公司": "北京市","郑州大学": "郑州市","郑州大学新校区临时图书馆": "郑州市","湖南师范大学": "岳阳市","吉林大学南岭校区": "长春市","吉林大学南湖校区": "长春市","吉林大学新民校区": "松原市","吉林大学南区文苑": "葫芦岛市","大庆职工大学": "大庆市","吉林大学朝阳校区": "长春市","吉林大学前卫北区": "葫芦岛市","长春工业大学": "长春市","西安石油大学": "西安市","西安石油大学(南区)综合楼五楼机房": "西安市","西安石油大学(本部)计算机中心二楼": "西安市","西安石油大学(本部)计算机中心二楼(第五微机室)": "西安市","重庆大学": "重庆市","北方工业大学": "北京市","北方工业大学一教2机房": "北京市","北方工业大学一教3机房": "北京市","北方工业大学一教5机房": "北京市","北方工业大学一教4机房": "北京市","北方工业大学一教6机房": "北京市","北京中医药大学": "北京市","北京科技大学图书馆多功能阅览室": "北京市","北京林业大学": "北京市","首都经贸大学": "石家庄市","首都经贸大学东区7楼大机房": "成都市","首都师范大学": "北京市","北京联合大学": "北京市","中国农业大学东校区": "北京市","中国教育网": "中国","广东深圳市": "深圳市","黑龙江省大庆市让胡路区": "大庆市","黑龙江省大庆市成风庄鹏辉网吧": "大庆市","山西省运城市河津市": "运城市","维多利亚": "十堰市","中国CEI(中国经济信息网)骨干网": "北京市","华东地区": "阜新市","吉林省长春市经济开发区": "吉林省","青海大学": "西宁市","云南省红河州蒙自市": "红河哈尼族彝族自治州","广西河池市宜州市": "河池市","中国国际电子商务中心": "北京市","新疆阿拉尔市": "新疆维吾尔自治区","陕西省咸阳市杨凌区": "咸阳市","江苏省盐城师范学院": "盐城市","江苏省盐城师范学院综合楼501机房": "盐城市","江苏省盐城师范学院综合楼603机房": "盐城市","江苏省盐城师范学院综合楼703机房": "盐城市","集美大学航海学院": "厦门市","黑龙江交通高等专科学校": "黑龙江省","黑龙江广播电视大学": "哈尔滨市","黑龙江东方学院": "哈尔滨市","黑龙江电化教育馆": "黑龙江省","齐齐哈尔医学院": "齐齐哈尔市","台湾省台南市": "台湾省","江苏省淮安市盱眙县": "淮安市","北京市朝阳区北三环路安贞桥振宇家具商城三楼金色飞宏网吧": "北京市","北京市朝阳区北安贞桥振宇商城三楼金色飞宏网吧": "北京市","北京昌平区西三旗桥北300米天地飞扬网吧": "北京市","北京市丰台区时尚人网苑": "北京市","中国石油": "中国","北京体育大学": "北京市","河北省秦皇岛市燕山大学": "秦皇岛市","湖北省十堰市竹溪县": "十堰市","北方工业大学一教七机房": "北京市","北方工业大学第三教学楼机房A区": "保定市","北方工业大学第三教学楼机房B区": "保定市","北方工业大学第三教学楼机房C区": "保定市","北方工业大学第三教学楼机房D区": "保定市","北方工业大学第三教学楼机房E区": "保定市","北方工业大学第三教学楼机房F区": "保定市","湖南省岳阳市湖南理工学院": "岳阳市","中国人民大学": "北京市","福州大学老校区子兴楼五楼": "福州市","北京信息科技大学": "北京市","北京信息科技大学(北机部分)": "北京市","成都工业学院": "成都市","湖北教育局": "湖北省","河北省张家口市桥东区": "张家口市","河北省张家口市蔚县": "张家口市","南京理工大学": "南京市","浙江科技学院": "杭州市","河南省郑州市新郑市龙湖镇": "郑州市","浙江省温州市平阳县鳌江镇": "温州市","浙江省温州市平阳县萧江镇": "温州市","湖北": "湖北省","湖南省衡阳县": "衡阳市","湖南省株洲市茶陵县": "株洲市","重庆市渝北区龙溪镇": "重庆市","重庆市九龙坡区杨家坪": "重庆市","云南省大理市": "大理白族自治州","黑龙江省牡丹江市东宁": "牡丹江市","黑龙江省齐齐哈尔市克山县": "齐齐哈尔市","黑龙江省哈尔滨市宾县": "哈尔滨市","广东省广州市花都区新华镇": "广州市","广东省揭阳市揭西县河婆镇": "揭阳市","广西柳州市鹿寨县": "柳州市","广西桂林市灵川县": "桂林市","广西桂林市平乐县": "桂林市","福建省漳州市诏安县": "漳州市","福建省宁德市周宁县": "宁德市","山东省济宁市微山县": "济宁市","长春职业技术学院": "长春市","宁夏大学": "宁夏回族自治区","北京朝阳区(十里堡北里)恒泰大厦2楼北极星光网吧": "北京市","北京市朝阳区团结湖路京客隆商场地下天奥天网吧": "北京市","北京市昌平区海阔天空网吧": "北京市","北京朝阳区建国门外永安里中街智明星网吧": "北京市","北京朝阳区十里堡路天地赐福网吧": "北京市","北京丰台区角门东里12号楼2层北京三维跑道上网服务中心": "北京市","北京市海淀区新街口外大街小西天和永盛网吧": "北京市","北京海淀区西三旗育新花园2号浪沙友网吧": "北京市","北京朝阳区八里庄北里309号楼后琪彤宇龙网吧": "北京市","吉林省通化市梅河口市山城镇": "通化市","福建省南平市松溪县": "南平市","吉林省通化市集安市": "通化市","吉林省白山市靖宇县": "白山市","安徽省明光市": "滁州市","山西省太原市山西工商学院": "太原市","山西省晋中市祁县": "晋中市","湖南省株洲市芦淞区": "株洲市","湖南科技大学": "湘潭市","上海市浦东区": "上海市","天津市南天区": "天津市","首都科技大学": "包头市","重庆市北倍区": "重庆市","重庆市南崖区": "重庆市","武汉通讯指挥学校": "武汉市","塞尔维亚和黑山": "锦州市","浙江轻纺学院": "浙江省","上海理工大学": "上海市","江苏省淮安市(金湖县)电信ADSL": "淮安市","江苏省南京市六合区": "南京市","南京工业大学": "南京市","江苏省南京雨花台区": "南京市","江苏省镇江市国通网吧": "镇江市","江苏省苏州市常熟市虞山镇": "苏州市","江苏省苏州市常熟市谢桥镇": "苏州市","福建工程学院": "福州市","福建省福州市普安区": "福州市","福建省泉州市洛江区": "泉州市","福建省三明市建宁县": "三明市","福建省南平市建瓯市": "南平市","福建省南平市建阳市": "南平市","四川西南科技大学": "绵阳市","四川省乐山市沙湾区": "乐山市","四川省阿坝州松潘县": "阿坝藏族羌族自治州","成都理工大学": "成都市","四川行政学院": "成都市","黑龙江省哈尔滨市五常市": "哈尔滨市","黑龙江省哈尔滨市兰西县": "哈尔滨市","黑龙江省鹤岗市宝泉岭垦区": "鹤岗市","黑龙江省哈尔滨市方正县": "哈尔滨市","黑龙江省大兴安岭地区呼玛县": "大兴安岭地区","黑龙江省哈尔滨市尚志市": "哈尔滨市","黑龙江省佳木斯市抚远县": "佳木斯市","黑龙江省绥化市兰西县": "绥化市","黑龙江省大兴安岭地区漠河县": "大兴安岭地区","黑龙江省哈尔滨市动力区": "哈尔滨市","黑龙江省哈尔滨市铁锋区": "齐齐哈尔市","黑龙江省伊春市桃山区": "伊春市","黑龙江省伊春市嘉荫县朝阳镇传奇网城": "伊春市","黑龙江省鸡西市鸡东县": "鸡西市","哈尔滨师范大学阿城学院图书馆2楼电子阅览室": "哈尔滨市","黑龙江省哈尔滨市延寿县": "哈尔滨市","黑龙江省齐齐哈尔市克东县": "齐齐哈尔市","黑龙江省齐齐哈尔市龙江镇": "齐齐哈尔市","黑龙江省齐齐哈尔市昂昂溪区": "齐齐哈尔市","黑龙江省齐齐哈尔市梅里斯区": "齐齐哈尔市","黑龙江省鹤岗市工农区": "鹤岗市","黑龙江省哈尔滨市嫩江县": "哈尔滨市","黑龙江省黑河市孙吴县": "黑河市","黑龙江省哈尔滨市巴彦县": "哈尔滨市","黑龙江省哈尔滨市木兰县": "哈尔滨市","哈尔滨师范大学": "哈尔滨市","河北省张家口市涿鹿县": "张家口市","广东省惠州市龙门县": "惠州市","广东省江门市台山市新会区": "江门市","广东省湛江市坡头区": "湛江市","广东省韶关市新丰县": "韶关市","广东省韶关市浈江区": "韶关市","广东省梅州市平远县": "梅州市","广东省清远市佛冈县": "清远市","广东省清远市新城区": "清远市","广东省汕头市龙湖区": "汕头市","宁夏吴忠市青铜峡市": "吴忠市","宁夏吴忠市青铜峡铝市": "吴忠市","宁夏石嘴山市石嘴山区": "石嘴山市","广西梧州市藤县藤城镇": "梧州市","广西钦州市浦北县": "钦州市","广西贵港市港北区": "贵港市","内蒙古乌海市海南区": "乌海市","内蒙古乌兰察布市商都县": "乌兰察布市","安徽省合肥市庐阳区": "合肥市","安徽省芜湖市鸠江区": "芜湖市","安徽省阜阳市太和县": "阜阳市","安徽省马鞍山市当涂县城关": "马鞍山市","安徽省铜陵市铜陵县": "铜陵市","安徽省黄山市徽州区": "黄山市","安徽省黄山市黄山区": "黄山市","安徽省宿州市埇桥区": "宿州市","安徽省马鞍山市含山县": "马鞍山市","安徽省六安市霍山县": "六安市","安徽省黄山市歙县": "黄山市","辽宁省大连甘井子区": "大连市","辽宁省锦州市凌河区": "锦州市","辽宁省沈阳市沈和区": "沈阳市","山西省晋城市沁水县": "晋城市","山西省临汾市浮山县": "临汾市","山西省太原市晋源区": "太原市","山西省长治市黎城县": "长治市","太原科技大学": "太原市","中北大学": "太原市","山西省忻州市繁峙县": "忻州市","吉林省四平市铁东区": "四平市","吉林省松原市扶余县": "松原市","吉林省松原市前郭县": "松原市","吉林省长春市榆树": "长春市","吉林省长春市红旗街": "长春市","吉林省四平市伊通县": "四平市","吉林省松原市乾安县": "松原市","吉林省吉林市乾安县": "吉林市","吉林省松原市长岭县": "松原市","吉林省白城市镇赉县": "白城市","吉林省通化市二道江区": "通化市","吉林省白山市(靖宇)": "白山市","吉林省白山市石人镇": "白山市","吉林省白山市江源区": "白山市","黄河科技大学": "郑州市","河南省郑州市巩义市小关镇": "郑州市","河南省焦作市解放区": "焦作市","河南省平顶山市卫东区": "平顶山市","河南省平顶山市湛河区": "平顶山市","河南省南阳市南召县": "南阳市","河南省南阳市桐柏县": "南阳市","河南省郑州市管城区": "郑州市","河南省开封市龙亭区": "开封市","河南省郑州市中牟县": "郑州市","河南省驻马店市平舆县": "驻马店市","河南省新乡市获嘉县": "新乡市","河南省郑州市新郑市区": "郑州市","新疆克孜勒苏柯尔州阿图什市": "克孜勒苏柯尔克孜自治州","新疆巴音郭楞州尉犁县": "巴音郭楞蒙古自治州","新疆巴音郭楞州博湖县": "巴音郭楞蒙古自治州","新疆巴音郭楞州轮台县": "巴音郭楞蒙古自治州","新疆巴音郭楞州焉耆县": "巴音郭楞蒙古自治州","新疆阿克苏地区拜城县": "阿克苏地区","新疆伊犁州塔城地区乌苏市": "塔城地区","山东省聊城市东昌府区": "聊城市","山东省烟台市海阳市": "烟台市","山东省青岛市开发区": "青岛市","山东省泰安市宁阳县": "泰安市","山东省日照市岚山区": "日照市","山东省济南市巨野县": "济南市","山东省青岛市黄岛区": "青岛市","山东省枣庄市薛城区": "枣庄市","山东省枣庄市峄城区": "枣庄市","青岛大学": "青岛市","山东省济宁市梁山县": "济宁市","山东省菏泽市巨野县": "菏泽市","山东大学": "淄博市","山东省枣庄市山亭区": "枣庄市","辽宁省朝阳市双塔区": "朝阳市","东北大学": "沈阳市","吉林省长春市双阳区": "长春市","吉林省吉林市二道江区新元网吧": "吉林市","吉林省吉林市丰满区": "吉林市","吉林省吉林市口前镇": "吉林市","吉林省延边州龙井市": "延边朝鲜族自治州","吉林省延边州安图县": "延边朝鲜族自治州","吉林省延边州汪清县": "延边朝鲜族自治州","吉林省延边天": "延边朝鲜族自治州","吉林省延边州和龙市": "延边朝鲜族自治州","吉林省白山市长白县": "白山市","吉林省白山市靖宇矿泉城": "白山市","吉林省白山市碧莹山": "白山市","云南省临沧市永德县": "临沧市","云南省德宏州盈江县": "德宏傣族景颇族自治州","云南省昭通市威信县": "昭通市","云南省昭通市水富县": "昭通市","云南省普洱市澜沧县": "普洱市","云南省普洱市宁洱县": "普洱市","云南省普洱市孟连县": "普洱市","云南省保山市隆阳区": "保山市","云南省曲靖市陆良县": "曲靖市","云南省曲靖市师宗县": "曲靖市","云南省迪庆市香格里拉县": "迪庆藏族自治州","江西省南昌市莲塘镇": "南昌市","江西师范大学": "鹰潭市","江西省吉安市安福县": "吉安市","江西省吉安市吉州区": "吉安市","江西省景德镇市珠山区": "景德镇市","江西省抚州市黎川县": "抚州市","江西省赣州市崇义县": "赣州市","江西省新余市渝水区": "新余市","江西财经学院九江分院": "九江市","江西省九江市星子县": "九江市","江西省九江市武宁县": "九江市","江西省九江市共青城": "九江市","江西省九江市修水县": "九江市","江西省吉安市万安县": "吉安市","广西南宁市邕宁县": "南宁市","广西百色市西林县": "百色市","广西河池市南丹县": "河池市","天津市静海区": "天津市","天津市武清区杨村镇": "天津市","天津市武情区": "天津市","重庆市江北区龙溪镇": "重庆市","重庆沙坪坝区": "重庆市","湖南省常德市武陵区": "常德市","湖南省常德市鼎城区": "常德市","湖南省常德市汉寿县": "常德市","湖南省常德市汉寿县蒋家嘴镇": "常德市","湖南省常德市临澧县": "常德市","湖南省常德市石门县": "常德市","湖南省常德市津市市": "常德市","湖南省株洲市攸县": "株洲市","湖南省株洲市荷塘区": "株洲市","湖南省株洲市石峰区": "株洲市","湖南省株洲市炎陵县": "株洲市","湖南省郴州市炎陵县": "郴州市","湖南省湘潭市岳塘区": "湘潭市","湖南省湘西州吉首市文艺路": "湘西土家族苗族自治州","湖南省湘西州吉首市商业城": "湘西土家族苗族自治州","湖南省湘西州古丈县": "湘西土家族苗族自治州","湖南省湘西州花垣县": "湘西土家族苗族自治州","湖南省湘西州吉首市保靖县": "湘西土家族苗族自治州","湖南省湘西州龙山县": "湘西土家族苗族自治州","湖南省湘西州吉首市花垣县": "湘西土家族苗族自治州","湖南省湘西州吉首市凤凰县": "湘西土家族苗族自治州","湖南省湘西州吉首市红旗门": "湘西土家族苗族自治州","湖南省娄底市新化县": "娄底市","湖南省邵阳市新邵县": "邵阳市","湖南省邵阳市邵阳县": "邵阳市","湖南省邵阳市武冈市": "邵阳市","湖南省永州市东安县": "永州市","湖南省永州市祁阳县": "永州市","湖南省永州市江华县": "永州市","湖南省永州市芝山区": "永州市","湖南省永州市零陵区": "永州市","湖南省怀化市会同县": "怀化市","湖南省永州市江永县": "永州市","湖南省益阳市大通湖区": "益阳市","湖南省娄底市双峰县": "娄底市","海南省澄迈市": "海南省","海南省海口市临高县": "海口市","海南省定安市": "海南省","海南省白沙市": "海南省","海南省昌江市": "海南省","上海市普砣区": "上海市","上海市宝山区月浦镇": "上海市","同济大学沪": "上海市","新疆塔城地区裕民县": "塔城地区","新疆吐鲁番地区鄯善县": "吐鲁番地区","新疆克孜勒苏柯尔州乌恰县": "克孜勒苏柯尔克孜自治州","新疆伊犁州阿勒泰市": "伊犁哈萨克自治州","福建省南平市政和县": "南平市","福建省南平市顺昌县": "南平市","福建省漳州市龙海市石码镇": "漳州市","福建省莆田市江口镇": "莆田市","福建省龙岩市漳平市": "龙岩市","福建省三明市梅列区": "三明市","福建省三明市将乐县": "三明市","贵州省遵义市绥阳县": "遵义市","贵州省黔南州平塘县": "黔南布依族苗族自治州","南昌大学": "南昌市","南昌工程学院": "南昌市","江西九江学院": "九江市","江西省萍乡市上栗县桐木镇": "萍乡市","江西省赣州市龙南县": "赣州市","江西省赣州市章贡区": "赣州市","江西省抚州市乐安县": "抚州市","江西省抚州市资溪县": "抚州市","江西省宜春市奉新县": "宜春市","江西省宜春市建水县": "宜春市","四川农业大学": "成都市","四川省德阳市孝泉": "德阳市","四川省德阳广汉市": "德阳市","四川省内江市市中区": "内江市","四川省乐山市夹江县": "乐山市","成都中医药大学": "成都市","四川省自贡市黄市镇": "自贡市","四川省达州市渠县": "达州市","四川省广元市旺苍县": "广元市","四川省资阳市乐至县": "资阳市","四川省遂宁市大英县": "遂宁市","四川省遂宁市蓬溪县": "遂宁市","四川省广安市武胜县沿口镇": "广安市","四川省巴中市平昌县": "巴中市","四川省巴中市南江县": "巴中市","四川省达州市达县": "达州市","四川省自贡市富顺县": "自贡市","四川省阿坝州汶川县": "阿坝藏族羌族自治州","四川省阿坝州九寨沟县": "阿坝藏族羌族自治州","四川省遂宁市射洪县": "遂宁市","四川省眉山市仁寿县": "眉山市","四川省泸州市古蔺县": "泸州市","江苏省无锡市宜兴市丁蜀镇": "无锡市","江苏省无锡市锡山区": "无锡市","江苏省南通市通州区": "南通市","江苏省连云港市新浦区": "连云港市","江苏省连云港市东海": "连云港市","江苏省连云港市东海县": "连云港市","江苏省连云港市灌南县": "连云港市","江苏省盐城市建湖县": "盐城市","江苏省盐城市响水县": "盐城市","南京化工大学": "南京市","江西省吉安市吉安县": "吉安市","浙江大学": "宁波市","厦门大学嘉庚五408室": "厦门市","厦门大学嘉庚五508室": "厦门市","四川大学川大花园": "南充市","新疆大学软件学院机房A区": "乌鲁木齐市","新疆大学软件学院机房B区": "乌鲁木齐市","中南大学岳麓山校区": "长沙市","中南大学": "长沙市","武汉大学信息学部": "武汉市","华中科技大学紫菘公寓": "武汉市","华中科技大学紫松公寓": "武汉市","华中科技大学东": "武汉市","江西省抚州市临川区": "抚州市","上海市徐家汇区": "上海市","聚友网络": "天津市","北京海淀区玉泉路地铁向东商场3楼斌全网吧": "北京市","北京市丰台区卫强校村跃峰网吧": "北京市","北京朝阳区将台路芳源里小区宽带": "北京市","北京市丰台区飞鸿恋日网吧": "北京市","北京朝阳区潘家园(松榆东里)华远航网吧": "北京市","北京西站三楼北侧海陆空网吧": "北京市","北京西站北一出口地下网吧": "大连市","北京市海淀区吉扬飞跃网吧": "北京市","北京朝阳区(望京)广顺北大街成真世纪网吧": "北京市","北京科技职业学院": "北京市","广东省湛江市遂溪县": "湛江市","广东省湛江市吴川黄": "湛江市","广东省韶关市南雄市": "韶关市","广东省肇庆市睦岗区": "肇庆市","广东省湛江市雷州市": "湛江市","广东省广州市花都区炭步镇": "广州市","湖北省襄阳市老河口市": "襄阳市","湖北省黄冈市英山县": "黄冈市","湖北省鄂州市华容区": "鄂州市","湖北省宜昌市夷陵区": "宜昌市","湖北省宜昌市秭归县": "宜昌市","湖北省宜昌市兴山县": "宜昌市","湖北省黄石市下陆区": "黄石市","湖北省孝感市大悟县": "孝感市","湖北省武汉市嘉鱼县": "武汉市","武汉科技大学": "武汉市","湖北省武汉科技大学南校区": "武汉市","中南财经政法大学": "武汉市","湖北省武汉市武汉区": "武汉市","贵州省遵义市红花岗区": "遵义市","贵州省安顺市西秀区": "安顺市","贵州省铜仁市松桃县": "铜仁地区","贵州省毕节市金沙县金沙县": "毕节地区","贵州省毕节市威宁县": "毕节地区","北京市玄武区": "北京市","陕西省榆林市横山县": "榆林市","西安建筑科技大学": "西安市","陕西省宝鸡市陇县": "宝鸡市","西北工业大学": "西安市","陕西省西安市欧亚学院": "西安市","陕西省安康市汉阴县": "安康市","陕西省商洛市镇安县": "商洛市","青岛科技大学": "青岛市","山东省潍坊学院": "潍坊市","山东省菏泽市鄄城县": "菏泽市","山东省滨州市博兴县": "滨州市","黑龙江省牡丹江市香坊区": "牡丹江市","黑龙江省伊春市中国电信网际非帆信息超市": "伊春市","河北省石家庄市赵县": "石家庄市","河北大学": "保定市","河北省保定市新市区": "保定市","华北科技学院": "廊坊市","内蒙古呼伦贝尔根河市": "呼伦贝尔市","辽宁省抚顺市东洲区": "抚顺市","辽宁省锦州市太和区": "锦州市","辽宁省阜新市大东区": "阜新市","河南省焦作市西关县": "焦作市","河南省洛阳市老城区": "洛阳市","西藏拉萨市城关区": "拉萨市","河南省新乡市卫辉市": "新乡市","河南省周口市扶沟县": "周口市","河南省南阳市内乡县": "南阳市","河南省南阳市方城县": "南阳市","河南省漯河市召陵区": "漯河市","广西桂林市兴安": "兴安盟","广西桂林市铁西区": "四平市","广西桂林市永福县": "桂林市","广西桂林市全州县": "桂林市","广西桂林市临桂县": "桂林市","广西河池市大化县": "河池市","广西南宁市上林县": "南宁市","广西崇左市宁明县": "崇左市","广西百色市乐业县": "百色市","广西百色市田林县": "百色市","广西南宁市横县百合镇": "南宁市","广西崇左市凭祥市": "崇左市","辽宁省大连市东北财经大学": "大连市","大连理工大学北山B区": "大连市","东北农业大学": "哈尔滨市","哈尔滨工业大学一校区": "哈尔滨市","哈尔滨工业大学一校区11公寓": "哈尔滨市","哈尔滨工业大学一校区12公寓": "哈尔滨市","哈尔滨工业大学一校区13公寓": "哈尔滨市","哈尔滨工业大学一校区5公寓": "哈尔滨市","哈尔滨工业大学": "哈尔滨市","哈尔滨工业大学二校区": "哈尔滨市","哈尔滨工业大学一校区B7公寓": "哈尔滨市","哈尔滨工业大学二校区B7公寓": "哈尔滨市","四川大学华西校区": "成都市","四川大学竹林村": "成都市","四川大学新南村": "成都市","四川大学中心村": "成都市","华南农业大学华山区": "广州市","华南农业大学泰山区": "泰安市","对外经济贸易大学学生公寓": "北京市","北方工业大学四教东区机房A区": "北京市","北方工业大学四教东区机房B区": "北京市","北方工业大学四教东区机房C区": "北京市","北方工业大学四教东区机房D区": "北京市","北方工业大学四教东区机房E区": "北京市","北方工业大学四教东区机房F区": "北京市","中科院": "厦门市","北京朝阳区大山子北里极速飞越网吧": "北京市","北京宣武区牛街回民医院南侧易汇腾远网吧": "北京市","北京市丰台区通聊网吧": "北京市","北京市丰台区科学城恒富中街2号院1号楼北京丰瑞达上网服务有限公司": "北京市","黑龙江省大庆市红岗非路网吧": "大庆市","北京市鑫蜘蛛网吧": "北京市","北京石景山苹果园地铁站南阜石路北天罗网吧": "北京市","北京市朝阳区工人体育场东路瑞石网吧": "北京市","北京朝阳区(芍药居)经贸大学东门太子网吧": "北京市","北京宣武区陶然亭路黑窑厂东街周末之光网吧(北厅)": "北京市","北京宣武区陶然亭路黑窑厂东街周末之光网吧(北厅)A": "北京市","北京市海淀区宜科点通网吧": "北京市","北京市通州区(新华大街)杰杰网吧": "北京市","北京市零度聚阵银河世纪网吧": "北京市","北京市西城区新街口外大街天外星网吧": "北京市","北京市石景山海特花园50号楼地下一层北侧千龙网都华城上网有限公司": "北京市","北京市通州区静波冲浪网吧": "北京市","北京市丰台区苇子坑启权网吧": "北京市","北京市昌平区千龙网都-银海月光网吧": "北京市","北京火车站内2楼西侧千龙网都网吧": "北京市","北京市宣武区虎坊桥腊竹胡同59号京天通网吧": "北京市","北京朝阳区(新源里)顺源街5号文亮网吧": "北京市","北京市石景山区苹果园南路甲11号天宇3楼百合网吧(西厅)": "北京市","北京人民警察学院": "北京市","广西南宁/桂林市": "桂林市","山东省济南/青岛市": "青岛市","福建省福州/厦门市": "厦门市","辽宁省沈阳/大连市": "大连市","西安联合大学": "西安市","西安交通大学东": "西安市","青海建筑职业技术学院": "西宁市","福建省南平市延平区": "南平市","福建省漳州市华安县": "漳州市","福建省宁德市寿宁县": "宁德市","福建省三明市宁化县": "三明市","福建省三明市尤溪县": "三明市","云南省迪庆州德钦县": "迪庆藏族自治州","云南省红河州河口县": "红河哈尼族彝族自治州","云南省曲靖市富源县": "曲靖市","云南省红河州砚山县": "红河哈尼族彝族自治州","云南省玉溪市澄江县": "玉溪市","云南省玉溪市极速网吧": "玉溪市","云南省普洱市景谷县": "普洱市","云南省德宏州芒市": "德宏傣族景颇族自治州","云南省怒江州福贡县": "怒江傈僳族自治州","云南省怒江州泸水县": "怒江傈僳族自治州","云南省大理州南涧县": "大理白族自治州","云南省玉溪市新平县": "玉溪市","云南省玉溪市峨山县": "玉溪市","云南省普洱市思茅区": "普洱市","云南省西双版纳州勐海县": "西双版纳傣族自治州","云南省楚雄州姚安县": "楚雄彝族自治州","云南省楚雄州牟定县": "楚雄彝族自治州","云南省临沧市耿马县": "临沧市","云南省昆明市嵩明县": "昆明市","四川省绵阳市涪城区": "绵阳市","四川省泸州市纳溪区": "泸州市","四川省宜宾市长宁县": "宜宾市","四川师范大学": "成都市","长沙电力职业技术学院": "长沙市","湖南长沙财经学院": "长沙市","湖南省长沙市望城县": "长沙市","湖南省岳阳市(汨罗)": "岳阳市","湖南省张家界市武陵源区": "张家界市","湖南省怀化市芷江县": "怀化市","湖南省岳阳市华容县": "岳阳市","湖南省湘潭市韶山市": "湘潭市","湖南省永州市道县": "永州市","湖南省郴州市安仁县": "郴州市","湖南省邵阳市洞口县": "邵阳市","湖南省邵阳市城步县": "邵阳市","新疆乌鲁木齐市天山区": "乌鲁木齐市","贵州省遵义市汇川区": "遵义市","贵州省黔南州长顺县": "黔南布依族苗族自治州","广西柳州市柳江县": "柳州市","广西桂林市秀峰区": "桂林市","广西桂林市荔浦县": "桂林市","广西桂林荔浦县": "桂林市","广西贺州市昭平县": "贺州市","南昌理工学院": "九江市","江西省南昌市青云谱区": "南昌市","江西省赣州市定南县": "赣州市","江西省赣州市上犹县": "赣州市","江西省宜春市宜丰县": "宜春市","江西省宜春市袁州区": "宜春市","江西省宜春市上高县": "宜春市","江西省上饶市弋阳县": "上饶市","安徽建筑工业学院": "合肥市","安徽财经大学": "蚌埠市","安徽省芜湖市繁昌县": "芜湖市","安徽省合肥市临泉县": "合肥市","安徽省黄山市祁门县": "黄山市","安徽省芜湖市镜湖区": "芜湖市","安徽省/陕西省": "安徽省","西藏日喀则地区萨嘎县": "日喀则地区","西藏日喀则地区江孜县": "日喀则地区","西藏日喀则地区拉孜县": "日喀则地区","西藏日喀则地区聂拉木县": "日喀则地区","西藏日喀则地区白朗县": "日喀则地区","西藏日喀则地区亚东县": "日喀则地区","西藏林芝地区米林县": "林芝地区","西藏林芝地区波密县": "林芝地区","西藏林芝地区林芝县": "林芝地区","西藏林芝地区墨脱县": "林芝地区","西藏昌都地区左贡县": "昌都地区","西藏拉萨市林周县": "拉萨市","西藏拉萨市堆龙德庆县": "拉萨市","西藏拉萨市曲水县": "拉萨市","西藏拉萨市当雄县": "拉萨市","浙江省宁波市慈溪市浒山街": "宁波市","浙江省宁波市慈溪市掌起镇": "宁波市","浙江省舟山市嵊泗县": "舟山市","山东省潍坊市临朐县": "潍坊市","山东省日照市东港区": "日照市","山东省临沂市临沭县": "临沂市","山东省聊城市莘县": "聊城市","山东省聊城市阳谷县": "聊城市","重庆市壁山县": "重庆市","广西贺州市富川县": "贺州市","广西贺州市八步区": "贺州市","吉林省长春市通榆县": "长春市","四川理工学院": "成都市","四川省自贡市沿滩区": "自贡市","四川省自贡市自流井区": "自贡市","陕西省安康市石泉县": "安康市","河南省焦作市修武县": "焦作市","河南省濮阳市华龙区": "濮阳市","河北省保定市清苑县": "保定市","河北省邯郸市大名县": "邯郸市","内蒙古兴安盟阿尔山市": "兴安盟","辽宁省葫芦岛市南票区": "葫芦岛市","辽宁省抚顺市清原县": "抚顺市","辽宁省本溪市南芬区": "本溪市","辽宁省铁岭市银州区": "铁岭市","辽宁省铁岭市西丰县": "铁岭市","山西省忻州市偏关县": "忻州市","黑龙江省牡丹江市西安区": "牡丹江市","黑龙江省牡丹江市南岗区": "牡丹江市","黑龙江省牡丹江市爱民区": "牡丹江市","青海省海南州共和县": "海南藏族自治州","黑龙江省哈尔滨市道理区": "哈尔滨市","黑龙江省哈尔滨市松北区": "哈尔滨市","黑龙江省齐齐哈尔市香坊区": "齐齐哈尔市","黑龙江省齐齐哈尔市铁峰区": "齐齐哈尔市","黑龙江省齐齐哈尔市依安县": "齐齐哈尔市","黑龙江省伊春嘉荫县超艺网吧": "伊春市","黑龙江省伊春市伊春区新浪网吧": "伊春市","黑龙江省伊春市伊春区第四空间网吧": "伊春市","黑龙江省黑河市爱辉区": "黑河市","江苏省南京大学": "南京市","江苏省南京市建邺区": "南京市","江苏省扬州市维扬区": "扬州市","湖北省随州市随县": "随州市","湖北省恩施州鹤峰县": "恩施土家族苗族自治州","四川省甘孜州九龙县": "甘孜藏族自治州","四川省成都市邛崃市": "成都市","上海市南桥区": "上海市","华南理工大学北区B2": "广州市","华南理工大学北区北十一": "广州市","成都信息工程学院学生公寓": "南昌市","华中科技大学韵苑公寓": "武汉市","华中科技大学韵苑公寓15栋": "武汉市","武汉大学工学部": "武汉市","武汉大学医学部": "武汉市","新疆和田市": "和田地区","吉林省泉阳市": "白山市","广西河池市金城江区": "河池市","甘肃省平凉市静宁县": "平凉市","新疆乌鲁木齐市米东区": "乌鲁木齐市","江苏省/福建省": "江苏省","宁夏固原市隆德县": "固原市","宁夏中卫市城关区": "中卫市","福建省漳州市云霄县": "漳州市","新疆喀什地区泽普县": "喀什地区","新疆喀什地区巴楚县": "喀什地区","新疆阿克苏地区阿瓦提县": "阿克苏地区","新疆克孜勒苏柯尔州阿合奇县": "克孜勒苏柯尔克孜自治州","新疆昌吉州呼图壁县": "昌吉回族自治州","新疆伊犁州霍城县": "伊犁哈萨克自治州","新疆伊犁州察布查尔县": "伊犁哈萨克自治州","新疆塔城地区额敏县": "塔城地区","广西贵港市港城镇": "贵港市","广西贺州市钟山县": "贺州市","广西来宾市兴宾区": "来宾市","广西柳州市柳城县": "柳州市","广西柳州市融安县": "柳州市","贵州省遵义市道真县": "遵义市","贵州省铜仁地区印江县长城电脑学习学院": "铜仁地区","河南省安阳市文峰区": "安阳市","河南省南阳市宛城区": "南阳市","河南省商丘市民权县": "商丘市","陕西省西安市碑林区": "西安市","山东省济宁市泗水县": "济宁市","山东省德州市德城区": "德州市","山东省德州市乐陵市": "德州市","山东省德州市禹城市": "德州市","山东省滨州市滨城区": "滨州市","山东省滨州市博兴市": "滨州市","山东省德州市张店区": "德州市","山东省莱芜市凤城西大街240号百灵网吧": "莱芜市","山东省济南市东篱轩网吧": "济南市","河南省周口市川汇区": "周口市","河南省商丘市永城区": "商丘市","河南省鹤壁市淇县": "鹤壁市","吉林省松原市前郭尔罗斯县": "松原市","黑龙江省伊春市嘉荫县宏兴网吧": "伊春市","黑龙江省伊春市伊春区城市奇遇网吧": "伊春市","黑龙江省哈尔滨市鹤岗区": "哈尔滨市","黑龙江省哈尔滨市香纺区": "哈尔滨市","山东省菏泽市单县": "菏泽市","山东省枣庄市高新区": "山东省","山东省济南市天桥区鸿宇网吧": "济南市","山东省济南市商河县": "济南市","重庆市潼南区": "重庆市","重庆市石桥铺地区": "重庆市","重庆市杨家坪区": "重庆市","江苏省淮安市洪泽县": "淮安市","江苏省淮安市清河区": "淮安市","北京化工大学东区学生宿舍楼": "北京市","四川省资阳市雁江区": "资阳市","四川省自贡市仙市镇": "自贡市","四川省自贡市贡井区": "自贡市","四川省自贡市瓦市镇": "自贡市","四川省自贡市富全": "自贡市","四川省成都市陴县犀浦镇": "成都市","成都大学": "成都市","四川省广元市剑阁县": "广元市","四川省雅安市天全县": "雅安市","四川省凉山州宁南县": "凉山彝族自治州","四川省遂宁市蓬溪县赤城镇": "遂宁市","四川省自贡市盐滩区": "自贡市","四川省自贡市何市镇": "自贡市","四川省凉山州甘洛县": "凉山彝族自治州","四川省凉山州会东县": "凉山彝族自治州","四川省凉山州会理县": "凉山彝族自治州","广西梧州市藤城": "梧州市","广西河池市东兰县": "河池市","云南省昭通市镇雄县": "昭通市","云南省昭通市永善县": "昭通市","云南省红河市蒙自市": "红河哈尼族彝族自治州","云南省大理州鹤庆县": "大理白族自治州","河北省保定市容城县": "保定市","河北省石家庄市裕华区": "石家庄市","河北省唐山市丰润区": "唐山市","湖南省长沙市长沙县": "长沙市","湖南省郴州市临武县": "郴州市","湖南省岳阳市岳阳楼区": "岳阳市","湖南省岳阳县": "岳阳市","湖南省怀化市靖州县县": "怀化市","湖南省怀化市新晃县": "怀化市","湖南省邵阳市大祥区": "邵阳市","湖南省邵阳市新宁县": "邵阳市","湖南省湘潭市湘潭县": "湘潭市","湖南省张家界市永定区": "张家界市","山东省聊城市茌平县": "聊城市","广西柳州市": "柳州市","广西玉林市": "玉林市","广西北海市": "北海市","广西钦州市": "钦州市","广西梧州市": "梧州市","广西桂林市荔蒲县": "桂林市","广西梧州市腾县": "梧州市"
}